id,title,description,link,image_link,price,availability,condition,brand
STQ-4548099110,Set of 3 Vintage Modular Candleholders: Mid-Century Modern Chrome Candelabra,"✦ Rare set of 3 modular vintage candleholders with ingenious plug-in stacking system — stack and arrange them freely in any configuration. ✦ Iconic mid-century modern design in polished chrome-finish metal, reminiscent of the classic Nagel/BMF style. ✦ Each unit features multiple candle spigots, allowing you to hold several taper candles at once. ✦ Beautifully cleaned and polished — ready to display or use immediately. ✦ A striking retro statement piece for any home, sideboard, or table centrepi",https://zicopeta53.github.io/go.html?id=4548099110,https://i.etsystatic.com/60918070/r/il/faf6b9/8326466506/il_fullxfull.8326466506_n32g.jpg,218.87 EUR,in stock,used,Stantique25
STQ-4547916579,Vintage Crystal Glass Coaster Set with Brass Holder & Wrapped Handle | Retro Mid-Century Bar Accessory,"A wonderfully retro set of cut crystal glass coasters nestled in a sleek brass-tone metal holder with a plastic-wrapped handle — a true Mid-Century statement piece. ✦ Set of multiple crystal glass coasters with fine cut-glass pattern ✦ Brass-toned metal frame holder with arched handle ✦ Handle wrapped in plastic cord, slightly faded with age — as noted ✦ Overall condition very good — glass is clear and undamaged ✦ Perfect for a vintage bar cart, sideboard, or retro-inspired tablescape Photos are",https://zicopeta53.github.io/go.html?id=4547916579,https://i.etsystatic.com/60918070/r/il/adc755/8325223028/il_fullxfull.8325223028_q0f8.jpg,78.98 EUR,in stock,used,Stantique25
STQ-4547926998,Mid-Century Modern Gold Brass Wire Umbrella Stand with Cast Iron Drip Tray,A truly rare and striking mid-century modern umbrella stand in a warm gold brass-look finish. ✦ Elegant wire frame construction with white-tipped hooks at the top for hanging umbrellas ✦ Ribbed conical gold drip catcher / inner cup to collect water ✦ Sturdy tripod base with small cast iron feet for stability ✦ Classic atomic age / 1950s–1960s design — a real statement piece for any entryway ✦ Pre-owned vintage condition; age-appropriate patina adds to its authentic retro charm ✦ A rare decorativ,https://zicopeta53.github.io/go.html?id=4547926998,https://i.etsystatic.com/60918070/r/il/e3542a/8373091333/il_fullxfull.8373091333_c89e.jpg,173.88 EUR,in stock,used,Stantique25
STQ-4542531293,1960s Railroad Signal Lantern Lamp | Red Lens Industrial Steampunk Decor,"Rare 1960s railway signal lantern converted into a fully functional electric lamp — a stunning industrial statement piece. ✦ Original railroad signal lantern from the 1960s, electrified for modern use ✦ Striking red bulls-eye lens with iconic red & yellow diamond warning panel on the side ✦ Black painted metal body with authentic aged patina and original chimney top ✦ Stands on its original metal bracket/stand — no modifications to the outer structure ✦ Rare collectible in good vintage condition",https://zicopeta53.github.io/go.html?id=4542531293,https://i.etsystatic.com/60918070/r/il/a34dab/8371272189/il_fullxfull.8371272189_ti5w.jpg,142.78 EUR,in stock,used,Stantique25
STQ-4546947833,"Vintage Oak Wood Pendulum Wall Clock: Tempus Fugit, Roman Numerals, Brass Regulator",A beautiful vintage Tempus Fugit pendulum wall clock made in West Germany — fully working and a charming statement piece for any classic interior. ✦ Maker: Tempus Fugit (West Germany era) ✦ Roman numeral dial with brass-tone bezel and ornate hands ✦ Pendulum with brass bob visible through the glazed lower window ✦ Warm oak-toned wooden case with arched top and brass nameplate ✦ Fully functional; minor surface scratches consistent with age — does not affect operation ✦ A wonderful vintage find fo,https://zicopeta53.github.io/go.html?id=4546947833,https://i.etsystatic.com/60918070/r/il/d98c72/8322736684/il_fullxfull.8322736684_povk.jpg,237.89 EUR,in stock,used,Stantique25
STQ-4546962926,Vintage German City Engraving Print Coasters (Set of 6) – Retro Souvenir Drink Mats,Set of four vintage coasters featuring detailed black-and-white historic engraving prints of German cities and townscapes. ✦ Set of 6 matching coasters with rounded corners ✦ Each coaster decorated with a different historic city panorama engraving ✦ Classic black-and-white print style reminiscent of old copper engravings ✦ Cork or hard composite backing (please check photos carefully) ✦ Light signs of use as expected for vintage items — see all photos before purchasing Photos are part of the des,https://zicopeta53.github.io/go.html?id=4546962926,https://i.etsystatic.com/60918070/r/il/e89bb8/8322705804/il_fullxfull.8322705804_7kpm.jpg,39.89 EUR,in stock,used,Stantique25
STQ-4342643233,"Beautiful Waldershof Bavaria porcelain vase – 24 carat gold, handmade, vintage","Elegant hand-painted porcelain vase by Waldershof Bavaria, decorated with 24-carat real gold and a delicate floral motif. Classic Bavarian porcelain production combining quality craftsmanship with a touch of luxury — gold-edged contours and a timeless floral design make this a standout display piece. Condition: very good vintage; no chips or cracks; only minimal age-appropriate marks possible. A beautiful collector's piece, decorative object, or exclusive gift. Photos are part of the description",https://zicopeta53.github.io/go.html?id=4342643233,https://i.etsystatic.com/60918070/r/il/87217f/7177005171/il_fullxfull.7177005171_s3ye.jpg,25.00 EUR,in stock,used,Stantique25
STQ-4542531387,"Vintage MCM Goose Neck Desk Lamp | Hillebrand Germany, Wood Base, Beige Shade","Charming Mid-Century Modern desk lamp by Hillebrand, West Germany — a classic of 1970s office and home design. ✦ Flexible dark goose neck arm for adjustable positioning ✦ Rounded beige/cream plastic dome shade in warm retro tone ✦ Round warm-toned solid wood base with integrated on/off switch ✦ Manufacturer: Hillebrand Leuchten, Germany — a well-regarded German lighting brand ✦ Condition: vintage with age-appropriate patina; fully functional electrical check recommended before use ✦ A statement ",https://zicopeta53.github.io/go.html?id=4542531387,https://i.etsystatic.com/60918070/r/il/69bbbf/8366328701/il_fullxfull.8366328701_ink6.jpg,135.75 EUR,in stock,used,Stantique25
STQ-4544234851,Vintage Small Footstool Ottoman Tapestry Floral Fabric Upholstered Pouf Heavy Solid Retro Cottage Decor,"Charming small vintage footstool upholstered in a rich tapestry fabric featuring a dark floral and botanical motif with animals. ✦ Round low-profile pouf with decorative looped fringe trim around the edge ✦ Dark background tapestry fabric with red flowers, green leaves and animal figures ✦ Notably heavy and solid — well-padded and sturdy construction ✦ Good vintage condition with charming patina befitting its age ✦ Perfect as a footrest, extra seat or decorative accent in a vintage or cottage in",https://zicopeta53.github.io/go.html?id=4544234851,https://i.etsystatic.com/60918070/r/il/5f9636/8314130794/il_fullxfull.8314130794_kuz1.jpg,67.35 EUR,in stock,used,Stantique25
STQ-4544251392,Antique French Faience Sink Unused Ceramic Washbasin Floral Bird Decor Vintage Bathroom Wall Mount,"Stunning antique French faience washbasin in unused, excellent condition — a true collector's piece. ✦ Round form with elegant ribbed exterior and pedestal foot ✦ Charming hand-painted style décor featuring colourful birds and scattered wildflowers ✦ Yellow and green banded rim detail; overflow hole present ✦ Creamy white ceramic glaze with no chips, cracks or signs of use ✦ A rare find for lovers of French country, cottage or belle époque interiors ✦ Tap and soap dish shown for styling purposes",https://zicopeta53.github.io/go.html?id=4544251392,https://i.etsystatic.com/60918070/r/il/7218d8/8311862706/il_fullxfull.8311862706_4nmr.jpg,546.67 EUR,in stock,used,Stantique25
STQ-4434883514,Vintage Lead Crystal Coaster Set with Stackable Wood Wire Holder – Retro Barware Decor,"Stylish vintage coaster set in heavy, crystal-clear lead crystal with classic cut-glass decoration. The standout feature is the stackable holder combining dark wood and metal wire — a cool retro design from the 1960s/70s in a timeless Mid-Century Modern look. Space-saving and decorative in equal measure. Condition: very good — the crystal gleams beautifully; no major damage to the holder; light typical use marks. Photos are part of the description and show measurements and details. Please examin",https://zicopeta53.github.io/go.html?id=4434883514,https://i.etsystatic.com/60918070/r/il/a4aa60/7899760645/il_fullxfull.7899760645_sbae.jpg,30.00 EUR,in stock,used,Stantique25
STQ-4544234935,Retro Blue Plastic 6-Bottle Carrier Caddy – Mid-Century Kitchen Bar Accessory,"Charming retro-style six-bottle carrier in vivid cobalt blue plastic, perfect for beer, wine, or milk bottles. ✦ Holds 6 standard bottles securely in individual round compartments ✦ Sturdy integrated carry handle for easy transport ✦ Bright cobalt blue — a real eye-catcher for retro kitchen or bar styling ✦ Unbranded, made from hard plastic — lightweight and durable ✦ Excellent like-new condition, no cracks or discolouration ✦ Bottles shown in photos are NOT included — carrier only Photos are pa",https://zicopeta53.github.io/go.html?id=4544234935,https://i.etsystatic.com/60918070/r/il/ec5712/8353280483/il_fullxfull.8353280483_n0q4.jpg,39.98 EUR,in stock,used,Stantique25
STQ-4544251400,"Antique Copper Pudding Molds Set: Bird Motif, Farmhouse Kitchen Decor","Charming set of two antique copper pudding moulds, each featuring a raised bird motif — one with a hen, one with a flying bird. ✦ Beautiful warm copper tone with natural aged patina ✦ Each mould has a hanging loop on top for wall display ✦ Round shape with decorative relief baking surface ✦ Perfect farmhouse or cottagecore kitchen decoration ✦ Sold as a set of two pieces Photos are part of the description and show measurements and details. Please examine them carefully - they reflect the item's ",https://zicopeta53.github.io/go.html?id=4544251400,https://i.etsystatic.com/60918070/r/il/95657f/8353296035/il_fullxfull.8353296035_oa7w.jpg,35.75 EUR,in stock,used,Stantique25
STQ-4411391573,Meiji Satsuma Mocha Cups Set of 2 – Japanese Ceramic Marked Hand-Painted Collector Pieces,"Rare Satsuma mocha cups from the Japanese Meiji period (ca. 1868–1912) — exquisitely hand-painted with typical figural scenes, gold accents, and fine relief structure. Each piece bears a red maker's stamp on the base. Authentic collector's pieces of considerable artisanal refinement. Condition: very well-kept with only minimal age-appropriate marks; no cracks or chips. Exclusively for collectors of Japanese ceramic art, as a display piece, or as a delicate gift. Photos are part of the descriptio",https://zicopeta53.github.io/go.html?id=4411391573,https://i.etsystatic.com/60918070/r/il/4e6f10/7484256973/il_fullxfull.7484256973_67u4.jpg,70.00 EUR,in stock,used,Stantique25
STQ-4544234941,"Vintage Setzkasten Display Shelf: Black Forest House, Solid Wood Collectible Cabinet","Charming vintage Setzkasten (printer's type tray / display shelf) shaped like a traditional Black Forest house, crafted from solid wood. ✦ Unused old stock — still carries its original DM (Deutschmark) price tag ✦ House-shaped silhouette with a pointed gabled roof and log-cabin textured side panels ✦ Three rows of 15 arched cubbyholes, perfect for displaying miniatures, thimbles, figurines or small collectibles ✦ Origin: Black Forest region, Germany — a classic piece of German woodcraft ✦ Beauti",https://zicopeta53.github.io/go.html?id=4544234941,https://i.etsystatic.com/60918070/r/il/aef1ad/8347023835/il_fullxfull.8347023835_mxmy.jpg,78.98 EUR,in stock,used,Stantique25
STQ-4542543634,Vintage Bokhara Runner Rug: Teal Blue Geometric Oriental Wool Silk Blend,"Beautiful vintage small runner rug in the classic Bokhara style with repeating diamond medallion motifs. ✦ Teal blue field with cream, peach and dark border detailing ✦ Wool and silk blend — lustrous sheen and fine knot detail ✦ Cream fringe on both ends, in very clean condition ✦ Ideal as a hallway runner, wall hanging or decorative accent piece ✦ Traditional Oriental geometric pattern, handcrafted quality ✦ A charming vintage find ready to bring warmth to any interior Photos are part of the de",https://zicopeta53.github.io/go.html?id=4542543634,https://i.etsystatic.com/60918070/r/il/d4967f/8298324016/il_fullxfull.8298324016_p8mj.jpg,178.89 EUR,in stock,used,Stantique25
STQ-4542543688,Vintage Venetian Gilded Wood Tray: Ornate Florentine Serving Dish,"Gorgeous large rectangular tray in the classic Venetian / Florentine style, featuring richly gilded scrollwork and ornamental motifs on a warm dark-brown wood ground. ✦ Large rectangular format with scalloped, shaped edges ✦ Gilded gold ornamental decor with scrolls and floral medallion centre ✦ Shows authentic vintage wear — some areas of paint loss and patina as noted ✦ Beautiful display piece or functional serving tray with old-world charm ✦ Ideal for maximalist, baroque, or Italian Renaissan",https://zicopeta53.github.io/go.html?id=4542543688,https://i.etsystatic.com/60918070/r/il/637142/8296293818/il_fullxfull.8296293818_mb2n.jpg,32.78 EUR,in stock,used,Stantique25
STQ-4542531731,"Murano Glass Duck Figurines Set | Millefiori, 24K Gold Foil, Italian Art Glass","An exceptionally rare pair of hand-crafted Murano glass bird figurines, retaining their original label. ✦ Stunning millefiori body decorated with intricate cane slices in gold, red, green, and multicolour ✦ 24-carat gold foil inclusions shimmer throughout the body of each piece ✦ Deep ruby-red blown glass wings, beak accents, and eye details ✦ Original Murano label present — a true collector's piece from Venice, Italy ✦ Sold as a matching set of two; each figure is unique due to the handmade nat",https://zicopeta53.github.io/go.html?id=4542531731,https://i.etsystatic.com/60918070/r/il/4a2959/8344186563/il_fullxfull.8344186563_99wl.jpg,377.89 EUR,in stock,used,Stantique25
STQ-4542531863,Seltmann Weiden Porcelain Breakfast Set: 6 Persons Pink Roses Floral Coffee Tea Vintage Germany,"Charming vintage breakfast service by Seltmann Weiden, Bavaria Germany, decorated with a delicate pink rose floral pattern on crisp white porcelain. ✦ Set includes: 6 cups, 6 saucers, 6 cake/breakfast plates, serving plate, large bowl, coffee pot, tea/hot water pot, sugar bowl with lid, and milk jug ✦ Also includes egg cups as noted ✦ Classic pink floral motif with scrolling vine details — timeless cottage and country style ✦ High-quality Bavarian porcelain, white glaze with relief texture ✦ Per",https://zicopeta53.github.io/go.html?id=4542531863,https://i.etsystatic.com/60918070/r/il/3a21e6/8297050762/il_fullxfull.8297050762_bsx5.jpg,278.89 EUR,in stock,used,Stantique25
STQ-4542532025,"Vintage Oak Telephone Table Nightstand: Drawer, Open Shelf, Mid Century Bedside Cabinet","Charming vintage wooden telephone table or nightstand in warm honey oak tone — a versatile slim side table perfect for hallways, bedrooms or living rooms. ✦ One small drawer with a turned wooden knob for handy storage ✦ Two open shelves below — ideal for books, a phone or small décor items ✦ Elegant arched cut-out base and gallery-style raised top edge add classic character ✦ Beautiful wood grain throughout; solid and sturdy construction ✦ Very good vintage condition — light signs of age consist",https://zicopeta53.github.io/go.html?id=4542532025,https://i.etsystatic.com/60918070/r/il/f64dec/8287921012/il_fullxfull.8287921012_k2zw.jpg,187.99 EUR,in stock,used,Stantique25
STQ-4542531945,"Mid Century Walnut Bedside Cabinet with Brass Hardware, Drawer & Door","Charming vintage small cabinet in warm walnut-toned wood, perfect as a bedside table, telephone cabinet or hallway accent piece. ✦ Classic silhouette with one drawer and one door with brass ring pull ✦ Warm honey-orange walnut wood finish in very good clean condition ✦ Elegant raised base with arched cut-out feet and crown moulding top ✦ Brass-toned decorative knob on drawer and ring pull on door ✦ Versatile use: nightstand, telephone table, side cabinet or plant stand ✦ A lovely vintage find fo",https://zicopeta53.github.io/go.html?id=4542531945,https://i.etsystatic.com/60918070/r/il/a7261a/8335854733/il_fullxfull.8335854733_sais.jpg,337.89 EUR,in stock,used,Stantique25
STQ-4540313389,"Vintage Hand Carved Wooden Mirror | Ornate Leaf Frame, Dark Brown Folk Art Table Mirror","A beautifully crafted vintage mirror featuring an elaborately hand-carved wooden frame adorned with flowing leaf and floral motifs. ✦ Richly carved open-work frame with layered acanthus and leaf designs ✦ Deep warm dark brown wood tone with a naturally aged patina ✦ Freestanding with a built-in fold-out easel back — perfect as a tabletop mirror ✦ Can also be displayed as a decorative wall mirror ✦ A charming statement piece for boho, rustic, or vintage interiors ✦ Pre-owned vintage condition — p",https://zicopeta53.github.io/go.html?id=4540313389,https://i.etsystatic.com/60918070/r/il/5db0bc/8334642061/il_fullxfull.8334642061_9vqg.jpg,37.89 EUR,in stock,used,Stantique25
STQ-4540331368,"Antique Brass Desk Stand, 1926 War Records Office Gift, Gothic Pierced Inkstand, Letter Rack","A striking antique brass desk stand, noted as a 1926 War Records Office gift, combining a central pen or letter spike with two flanking letter or document trays and a lower catch bowl. ✦ Gothic Revival pierced tracery supports with foliate and scroll detailing ✦ Crown-topped central finial above a decorated column with engraved band ✦ Dual flat side trays ideal for letters, cards or pen rests ✦ Lower recessed bowl — possibly for sealing wax, coins or small items ✦ Rich aged brass patina througho",https://zicopeta53.github.io/go.html?id=4540331368,https://i.etsystatic.com/60918070/r/il/1a1449/8332711179/il_fullxfull.8332711179_7e8d.jpg,137.89 EUR,in stock,used,Stantique25
STQ-4540331518,Vintage Solid Wood Wall Cabinet: Carved Arch Farmhouse Display Cupboard,"✦ Charming handmade solid wood wall-mounted display cabinet with a beautiful arched carved crown and turned finials. ✦ Features two glass-paned doors opening to an interior shelf, plus two small drawers below for extra storage. ✦ Warm honey-brown wood tone with decorative scroll carvings and turned column supports. ✦ In like-new condition with a wonderfully nostalgic, vintage character — ready to hang and display. ✦ Perfect for a farmhouse, country cottage, or eclectic interior to showcase colle",https://zicopeta53.github.io/go.html?id=4540331518,https://i.etsystatic.com/60918070/r/il/5669e6/8283876088/il_fullxfull.8283876088_iuqk.jpg,321.78 EUR,in stock,used,Stantique25
STQ-4540331568,"Hutschenreuther Coffee Set for 6 | 18pc Porcelain Cups, Saucers, Plates | Floral Rose Decor","Rare and complete Hutschenreuther coffee service for 6 persons in pristine, unused condition. ✦ 18 pieces total: 6 cups, 6 saucers, 6 cake plates ✦ Classic floral rose and violet bouquet decor with elegant grey border and scalloped edges ✦ Fine German porcelain — bright white glaze with excellent detail in the transfer print ✦ Never used, stored condition — no chips, cracks, or crazing ✦ A beautiful collectible set perfect for elegant entertaining or display Photos are part of the description an",https://zicopeta53.github.io/go.html?id=4540331568,https://i.etsystatic.com/60918070/r/il/762a7d/8283307158/il_fullxfull.8283307158_2xi4.jpg,187.89 EUR,in stock,used,Stantique25
STQ-4468671661,Vintage Metal Serving Tray Colorfully Printed – Retro Tray Vintage Kitchen Decor,"An authentic piece from the 1950s: a serving tray in the classic kidney/Nierentisch shape with a gently curved organic form. The surface features a timeless light grid pattern in beige tones, framed by a robust black plastic edge — a quintessential Mid-Century design element that is right back in trend today. Works equally well as a functional serving tray or as a stylish base for a vintage bar setup. Condition: light typical use marks. Photos are part of the description and show measurements an",https://zicopeta53.github.io/go.html?id=4468671661,https://i.etsystatic.com/60918070/r/il/be1dbd/7825638556/il_fullxfull.7825638556_hliv.jpg,20.00 EUR,in stock,used,Stantique25
STQ-4475062458,Murano Sommerso Glass Bowl – Blue Red Clear Mid Century Italian Art Glass,"A striking statement piece for collectors of Italian art glass. This exceptionally large and heavy Murano glass bowl is crafted in the Sommerso technique — a clear outer casing encloses a deep blue core with vivid red accents at the center. The organically curved, wing-like edges give this substantial piece an unexpected sense of lightness and elegance. A classic example of postmodern Italian glass design, equally impressive as a standalone centerpiece on a sideboard or as a decorative fruit bow",https://zicopeta53.github.io/go.html?id=4475062458,https://i.etsystatic.com/60918070/r/il/25af9d/8297052148/il_fullxfull.8297052148_ra1e.jpg,150.00 EUR,in stock,used,Stantique25
STQ-4435879734,Murano Glass Vases Set of 2 – Red with Black Accents Mid Century Pop Art Design Italian,"A bold duo of original Murano glass vases in vivid Pop Art style. Both pieces share an intense red ground with irregular black inclusions and a distinctive horizontal black stripe. Vase 1 is a tall, slender bottle form; Vase 2 is a squat, wide UFO-shaped piece. Both are handmade and display the lively character typical of Italian art glass. The combination of strong color and minimalist form makes them ideal display pieces in modern or Mid-Century interiors. Shows light age-related wear and mino",https://zicopeta53.github.io/go.html?id=4435879734,https://i.etsystatic.com/60918070/r/il/a56996/7873561939/il_fullxfull.7873561939_t48c.jpg,100.00 EUR,in stock,used,Stantique25
STQ-4474517512,Rosenthal R.C. Moliere Decorative Bowl – Ivory Porcelain Pierced Rim Gold Germany Collectible,"An elegant antique display bowl from the ""Moliere"" series by Rosenthal, marked R.C. Kronach. The ivory porcelain features a delicate pierced openwork rim, floral relief decoration, and rich gold gilding throughout. The interior shows a refined floral motif in keeping with the historicist style of the early 20th century. An outstanding collector's piece for lovers of fine European porcelain. Shows light age-related wear and minor signs of use typical for its era. Photos are part of the descriptio",https://zicopeta53.github.io/go.html?id=4474517512,https://i.etsystatic.com/60918070/r/il/9f3b4b/7822084450/il_fullxfull.7822084450_hlcz.jpg,35.00 EUR,in stock,used,Stantique25
STQ-4474517964,Seltmann Weiden Collector Plates Set of 2 Idyllisches Dorfleben – Germany Vintage Porcelain,"A fine pair of decorative collector plates by Seltmann Weiden, from the popular ""Lückels idyllisches Dorfleben"" (Lückel's Idyllic Village Life) series by artist Christian Lückel. Plate 1: ""Auf dem Weg zum Markt"" (On the Way to Market), 1986, plate number B 7429. Plate 2: ""Auslauf der Fischer"" (The Fishermen Setting Out), 1987, plate number C 7367. Both plates are mounted in dark solid wood frames by Van Hygan & Smythe, designed specifically for collector plates. Each edition was limited to 75 fi",https://zicopeta53.github.io/go.html?id=4474517964,https://i.etsystatic.com/60918070/r/il/a7180a/7870034055/il_fullxfull.7870034055_533i.jpg,99.00 EUR,in stock,used,Stantique25
STQ-4372613221,Schlottenburg by Arzberg Candle Holder 3-Flame Porcelain 24x5x15cm – Germany Collectible,"An elegant three-flame candle holder in glazed porcelain from the Schlottenburg series by Arzberg, Germany. The cream glaze is accented with gold details, and the Baroque-style relief decoration with a sturdy base plate makes it a refined addition to any table or mantelpiece. Designed for standard taper candles (candles shown in photos are for reference only). Dimensions: approx. 24 cm W × 5 cm D × 15 cm H. Very good vintage condition — no cracks or chips visible; minor possible wear to the gold",https://zicopeta53.github.io/go.html?id=4372613221,https://i.etsystatic.com/60918070/r/il/f354c1/7261392077/il_fullxfull.7261392077_jl3u.jpg,30.00 EUR,in stock,used,Stantique25
STQ-4540313807,"Set of 2 Vintage Wooden Wagon Wheels, Rustic Farmhouse Spoked Decor (27-28 cm)","Charming set of two vintage wooden wagon wheels, perfect for rustic and farmhouse-style interiors. ✦ Set of 2 spoked wooden wheels, approx. 27–28 cm diameter each ✦ One wheel in warm honey-brown tone, one in a lighter natural wood finish ✦ Classic spoke construction with dark center hub on each wheel ✦ Ideal as wall decor, shelf display, or table centerpiece ✦ Wonderful character pieces with authentic vintage patina ✦ Sold as a pair — decorative use only Photos are part of the description and sh",https://zicopeta53.github.io/go.html?id=4540313807,https://i.etsystatic.com/60918070/r/il/6bf352/8272627840/il_fullxfull.8272627840_arw9.jpg,89.99 EUR,in stock,used,Stantique25
STQ-4540313963,Ornate Scrollwork Metal Picture Frame – Dark Silver Antique Floral Filigree Desk Photo Frame,"Elegant vintage-style picture frame crafted from dark silver-toned metal with intricate scrollwork and floral filigree detailing. ✦ Beautifully worked open scrollwork surround with curling tendrils and small flower accents ✦ Dark antiqued silver finish with aged patina — gothic, Victorian or Art Nouveau aesthetic ✦ Freestanding tabletop frame with sturdy easel back ✦ Solid metal construction, well made and substantial ✦ Perfect for vintage, gothic, romantic or eclectic home décor ✦ Pre-owned vin",https://zicopeta53.github.io/go.html?id=4540313963,https://i.etsystatic.com/60918070/r/il/abd914/8320321379/il_fullxfull.8320321379_nlzn.jpg,32.75 EUR,in stock,used,Stantique25
STQ-4474138457,Vintage Bottle Holder Gold Look with Raffia Wrapping – 1950s 60s Design Retro Barware Decor,"A stylish bottle holder from the Mid-Century era. The frame is made of gold-colored metal with gracefully curved lines, and the carrying handle is wrapped in cream-colored plastic cord in the Scoubidou style for a comfortable grip. A perfect decorative accessory for displaying a wine or spirits bottle on a bar cart or sideboard. A typical design object of the 1950s and 1960s. Shows light age-related wear and minor signs of use typical for its era. Photos are part of the description and show meas",https://zicopeta53.github.io/go.html?id=4474138457,https://i.etsystatic.com/60918070/r/il/0191a3/7819630120/il_fullxfull.7819630120_ka3m.jpg,20.00 EUR,in stock,used,Stantique25
STQ-4474146038,Villeroy and Boch Heinrich Collector Plate Summer – Deutsche Krebshilfe Porcelain Germany,"A decorative collector plate in fine porcelain by Heinrich (Villeroy & Boch), titled ""Sommer"" (Summer). The motif depicts an idyllic rural scene of two children picking strawberries beneath an apple tree, rendered in a detailed, colorful illustration style. Issued in support of Deutsche Krebshilfe (German Cancer Aid). The back features a fixed metal wall-mounting hanger and the full manufacturer's backstamp. Shows light age-related wear and minor signs of use typical for its era. Photos are part",https://zicopeta53.github.io/go.html?id=4474146038,https://i.etsystatic.com/60918070/r/il/7fb4df/7867572221/il_fullxfull.7867572221_ssre.jpg,25.00 EUR,in stock,used,Stantique25
STQ-4474137185,Vintage Wood Carving Wall Relief – Handmade Figurative Scene Two People Folk Art,"A handcrafted wall relief carved from a solid block of wood, depicting a two-panel figurative scene. The left panel shows a man in a suit at a window with a cat; the right panel shows a standing woman with raised hands. The carving showcases deep relief work and the natural grain of the wood throughout. A metal hanger on the top edge allows direct wall mounting. A charming piece of traditional folk art with rustic appeal. Shows light age-related wear and minor signs of use typical for its era. P",https://zicopeta53.github.io/go.html?id=4474137185,https://i.etsystatic.com/60918070/r/il/14e257/7867568457/il_fullxfull.7867568457_f13y.jpg,40.00 EUR,in stock,used,Stantique25
STQ-4474135279,Vintage Wall Shelf Gold 1950s 60s – String Decor Hat Shelf Retro Mid Century,"An original Mid-Century wall shelf from the 1950s or 1960s. The lightweight frame is made of gold anodized metal, strung with a characteristic black cord in a geometric pattern. The slender construction makes it ideal as a hat shelf or decorative display in a hallway or entryway. All cord weaving is intact and undamaged. Please note: the wall brackets have no pre-drilled holes — attachment must be arranged by the buyer using adhesive or a custom solution. Shows light age-related wear and minor s",https://zicopeta53.github.io/go.html?id=4474135279,https://i.etsystatic.com/60918070/r/il/9d72cd/7819608798/il_fullxfull.7819608798_lpe2.jpg,55.00 EUR,in stock,used,Stantique25
STQ-4474142468,Vintage Berentzen Apfelkorn Glass Decanter in Wrought Iron Rack with Lock – Barware Collectible,"A vintage square glass decanter and rack set, originally branded for Berentzen Apfelkorn. The bottle sits in a decorative black-lacquered wrought iron holder with heraldic wheat-ear motifs on the sides. A distinctive security clamp with a small padlock holds the bottle securely in the rack. The original glass stopper is included and undamaged. A fun piece of German bar culture from the 1970s–80s, combining rustic ironwork with brand nostalgia. Shows light age-related wear and minor signs of use ",https://zicopeta53.github.io/go.html?id=4474142468,https://i.etsystatic.com/60918070/r/il/ddb6a5/7819603932/il_fullxfull.7819603932_gpb6.jpg,20.00 EUR,in stock,used,Stantique25
STQ-4474106278,Original Delft Ceramic Box Polished Metal Lid – Windmill Decor Blue White Dutch Collectible,"A classic cylindrical ceramic box in Original Delft style, featuring a hand-painted blue windmill motif on a white ground. The lid is made of high-gloss polished metal and closes flush. The slightly flared base adds stability. Equally at home as a cotton pad holder in the bathroom or a small storage jar in the kitchen. Shows light age-related wear and minor signs of use typical for its era. Photos are part of the description and show measurements and details. Please examine them carefully — they",https://zicopeta53.github.io/go.html?id=4474106278,https://i.etsystatic.com/60918070/r/il/93dba8/7819398362/il_fullxfull.7819398362_hidy.jpg,20.00 EUR,in stock,used,Stantique25
STQ-4438564412,Original Delfts Salt and Pepper Set Plus Spice Jar Ceramic Blue White Holland – Dutch Collectible,"A complete Original Delfts condiment set in classic blue and white decor. The set includes one salt shaker, one pepper shaker, and one spice jar with a wooden lid and small spoon, all resting on a matching wooden stand. A charming, functional piece of Dutch vintage design for the table or kitchen. Shows light age-related wear and minor signs of use typical for their era. Photos are part of the description and show measurements and details. Please examine them carefully — they reflect the item's ",https://zicopeta53.github.io/go.html?id=4438564412,https://i.etsystatic.com/60918070/r/il/56c4da/7819393694/il_fullxfull.7819393694_okfo.jpg,45.00 EUR,in stock,used,Stantique25
STQ-4540331812,Set of 6 Vintage Indian Embroidered Cushion Covers – Boho Patchwork Ethnic Folk Art,"A stunning collection of seven vintage Indian cushion covers featuring intricate hand embroidery in rich, warm tones of rust, gold, green, pink and purple. ✦ Set of 6 individual cushion covers with elaborate geometric and floral medallion designs ✦ Dense zardozi-style or kantha embroidery with sequin and mirror-work accents ✦ Vibrant multicolor palette — each cover is unique with slight variations ✦ Bohemian, ethnic folk-art aesthetic perfect for maximalist or global home décor ✦ Pre-owned vinta",https://zicopeta53.github.io/go.html?id=4540331812,https://i.etsystatic.com/60918070/r/il/2c5f30/8270723498/il_fullxfull.8270723498_ts1z.jpg,175.78 EUR,in stock,used,Stantique25
STQ-4535626830,"Retro Coat Stand: Red Yellow Green Steel Tube, 1970s-1980s Space Age Pop Art Design","Fantastic retro clothes stand made from a single continuous bent steel tube, finished in a bold tricolour powder coating of red, yellow and green. ✦ Striking pop-art colour-block design — eye-catching statement piece for any hallway or bedroom ✦ Cleverly engineered single-tube construction that bends into hanger hook, arm rail and stable floor base ✦ Self-supporting freestanding design — no wall fixings needed ✦ Classic 1970s–1980s Space Age / Memphis-era aesthetic ✦ Good vintage condition consi",https://zicopeta53.github.io/go.html?id=4535626830,https://i.etsystatic.com/60918070/r/il/ed2f5f/8269038418/il_fullxfull.8269038418_kcu9.jpg,147.89 EUR,in stock,used,Stantique25
STQ-4538131755,Vintage Brass & Green Onyx Mantel Table Clock Wind-Up Movement Decorative Scrollwork Leaf Stand,"A charming vintage mantel / table clock featuring a suspended round wind-up clock face set within an ornate brass frame with scrolling leaf motifs. ✦ Frame constructed from gilt brass with decorative acanthus-leaf scrollwork ✦ Upper and lower rails in green-veined onyx stone ✦ Clock movement is a wind-up type — currently non-functional, sold for decorative purposes only ✦ White dial with Arabic numerals and a classic look ✦ A striking statement piece for a mantelpiece, bookshelf, or vintage-styl",https://zicopeta53.github.io/go.html?id=4538131755,https://i.etsystatic.com/60918070/r/il/480a3f/8315700239/il_fullxfull.8315700239_t3zo.jpg,147.89 EUR,in stock,used,Stantique25
STQ-4538145102,"Antique Brass Cherub Mantel Clock, Roman Numeral Dial, Victorian Style (Decorative)","Stunning antique brass mantel clock featuring two detailed cherub (putto) figurines flanking the ornate case. ✦ Heavy solid brass construction with rich golden patina ✦ Decorative urn-shaped finial on top, shell motif on base ✦ Roman numeral dial with ornate brass surround and black hands ✦ Wind-up mechanical movement — currently not functioning, sold for decorative purposes only ✦ Intricate relief detailing throughout: beading, rope twist, hatching and floral motifs ✦ A striking statement piece",https://zicopeta53.github.io/go.html?id=4538145102,https://i.etsystatic.com/60918070/r/il/77267b/8314757077/il_fullxfull.8314757077_9qae.jpg,178.89 EUR,in stock,used,Stantique25
STQ-4420708883,Large Wooden Umbrella Stand Country Style – Hand-Painted Floral Vintage Home Decor,"A decorative and practical umbrella stand Wooden, made in the classic country farmhouse style. The bulbous form with a flared rim is hand-painted with a colorful motif of flowers and leaves. Its solid construction provides stable support for several umbrellas or walking sticks. A timeless piece that brings a welcoming feel to any entryway. Good vintage condition — colors are vivid and the glaze retains its sheen; no major cracks visible. Shows light age-related wear typical for its era. Photos a",https://zicopeta53.github.io/go.html?id=4420708883,https://i.etsystatic.com/60918070/r/il/fd8864/7856579431/il_fullxfull.7856579431_d1ei.jpg,55.00 EUR,in stock,used,Stantique25
STQ-4538131807,"Vintage Yellow Enamel Saucepan: Floral Folk Art, Wood Handle, 1970s German Retro Pot","Charming vintage enamel saucepan in sunny yellow with a bold retro floral folk-art band around the body. ✦ Bright yellow enamel exterior with orange, brown and dark outlined flower motif ✦ Wood handle and matching wood knob on the stainless steel lid ✦ Classic 1970s West German country-kitchen style ✦ Good vintage condition — enamel well preserved, light age-appropriate wear ✦ A beautiful decorative or functional piece for a retro or farmhouse kitchen Photos are part of the description and show ",https://zicopeta53.github.io/go.html?id=4538131807,https://i.etsystatic.com/60918070/r/il/54069f/8302462007/il_fullxfull.8302462007_kyjd.jpg,39.89 EUR,in stock,used,Stantique25
STQ-4346373607,Mitterteich Bavaria Mocha Cup Collector Set 3-Piece – Porcelain Mid Century Germany Vintage,"A beautiful three-piece mocha collector set (trio) in fine white porcelain by Mitterteich Bavaria, Germany. The set — comprising a mocha cup, matching saucer, and small cake plate — is decorated with delicate scattered floral sprigs and features a subtle relief border that adds classic elegance. Excellent condition: no chips, cracks, or notable gold wear. Photos are part of the description and show measurements and details. Please examine them carefully — they reflect the item's condition. Shipp",https://zicopeta53.github.io/go.html?id=4346373607,https://i.etsystatic.com/60918070/r/il/656342/7852382265/il_fullxfull.7852382265_165g.jpg,20.00 EUR,in stock,used,Stantique25
STQ-4471821657,Vintage Ceramic Fish Baking Mold – Brown Glazed Bundt Style Retro Kitchen Wall Decor,"A charming vintage fish-shaped ceramic baking mold in heavy-duty pottery with a deep brown glossy glaze. The detailed relief work — scales, fins, and facial features — makes it equally striking as a functional baking mold or as decorative kitchen wall art. Very good vintage condition; no cracks or chips. Minor glaze irregularities are typical of hand-crafted ceramics of this period and add to the authentic character. Photos are part of the description and show measurements and details. Please ex",https://zicopeta53.github.io/go.html?id=4471821657,https://i.etsystatic.com/60918070/r/il/b9dfd9/8318650629/il_fullxfull.8318650629_8r1o.jpg,25.00 EUR,in stock,used,Stantique25
STQ-4538131811,Steiff Hedgehog Small Plush Toy: Button in Ear Collectible Woodland Animal,"Adorable Steiff small hedgehog plush with the iconic yellow Button in Ear tag — a classic collectible from the renowned German toy maker. ✦ Article number: 167714 ✦ Signature Steiff yellow ear button and flag tag present ✦ Soft brown and tan plush with lifelike spiky texture ✦ Charming upright sitting pose with tiny front paws ✦ Perfect for collectors, nature lovers, or as a sweet gift Photos are part of the description and show measurements and details. Please examine them carefully - they refl",https://zicopeta53.github.io/go.html?id=4538131811,https://i.etsystatic.com/60918070/r/il/7b17f2/8254519800/il_fullxfull.8254519800_2jkn.jpg,37.98 EUR,in stock,used,Stantique25
STQ-4532668391,"Gold Peacock Ring Dish: Brass Tone Trinket Tray, Hollywood Regency Vanity Holder","A stunning gold-toned metal peacock figurine whose fanned tail forms a decorative dish — perfect as a ring holder, trinket tray, or vanity accent. ✦ Richly detailed feather texture across body and tail ✦ Fan-shaped tail doubles as a functional ring or jewellery dish ✦ Warm champagne-gold metallic finish ✦ Suits Hollywood Regency, Maximalist, Boho & Indian Wedding aesthetics ✦ Great gift for the home decorator or jewellery lover ✦ Unbranded; condition is excellent with no visible damage Photos ar",https://zicopeta53.github.io/go.html?id=4532668391,https://i.etsystatic.com/60918070/r/il/5d67cb/8218338776/il_fullxfull.8218338776_dqx7.jpg,77.75 EUR,in stock,used,Stantique25
STQ-4535615803,"Vintage Wooden Dome-Lid Trinket Box: Handmade Brass Trim Treasure Chest, Boho Decor","Charming small vintage-style wooden chest with a classic half-round domed lid — beautifully handcrafted with warm honey-toned wood and ornate embossed brass metal trim throughout. ✦ Half-round / dome-top lid with decorative embossed brass banding ✦ Front clasp/latch closure in aged brass tone ✦ Warm natural wood grain with rich brown tones ✦ Handcrafted construction — slight variations add to its character ✦ Ideal for storing jewellery, keepsakes, pens, or small treasures ✦ Wonderful vintage, bo",https://zicopeta53.github.io/go.html?id=4535615803,https://i.etsystatic.com/60918070/r/il/ca2680/8292889093/il_fullxfull.8292889093_ha3t.jpg,37.98 EUR,in stock,used,Stantique25
STQ-4441256821,Marienbad Ingres White Blue Onion Pattern Serving Plate Oval Large – Vintage Porcelain,"An elegant large oval serving plate from the ""Marienbad Ingres Weiß"" series, decorated with the classic blue and white onion pattern. The characteristic relief border adds a refined texture consistent with the series. An ideal serving platter for roasts, side dishes, or cold cuts on a formally set table. Very good condition — no chips or cracks; minimal age-related wear only. Photos are part of the description and show measurements and details. Please examine them carefully — they reflect the it",https://zicopeta53.github.io/go.html?id=4441256821,https://i.etsystatic.com/60918070/r/il/b64724/8217200598/il_fullxfull.8217200598_j1v1.jpg,28.99 EUR,in stock,used,Stantique25
STQ-4410436193,Winterling Marktleuthen Coffee Service for 8 – 29-Piece Including Cake Plate Bavaria Germany,"A complete 29-piece coffee service for 8 persons by Winterling Marktleuthen, Bavaria. The timeless pure-white design features fine relief decoration and a clean, elegant aesthetic. The service is in excellent near-mint condition — no chips, cracks, or damage of any kind. Set includes: 8 coffee cups, 8 saucers, 8 cake/breakfast plates, 1 sugar bowl with lid, 1 milk jug, 1 candle holder, 1 rectangular serving plate, and 1 large round cake plate. Photos are part of the description and show measurem",https://zicopeta53.github.io/go.html?id=4410436193,https://i.etsystatic.com/60918070/r/il/a2c35e/7800356852/il_fullxfull.7800356852_qihc.jpg,130.00 EUR,in stock,used,Stantique25
STQ-4535615815,Selva Quarz Vintage Black Forest Wooden Clock: Hand-Painted Floral Folk Art Germany,"Charming vintage Selva Quarz wooden table clock from the Black Forest tradition of Germany. ✦ Maker: Selva Quarz — printed on the dial ✦ Light natural wood body with a shaped silhouette and scroll-cut feet ✦ Hand-painted folk art floral motifs in red, white and green on the top and sides ✦ Ornate black metal clock hands; quartz movement ✦ A lovely piece of authentic German Schwarzwald craft, ideal for cottage or folk décor Photos are part of the description and show measurements and details. Ple",https://zicopeta53.github.io/go.html?id=4535615815,https://i.etsystatic.com/60918070/r/il/f604d0/8244970294/il_fullxfull.8244970294_a038.jpg,37.78 EUR,in stock,used,Stantique25
STQ-4535626976,"Vintage Mid-Century LP Vinyl Record Stand Holder: Red Metal Wire, Wood Base, Numbered Slots","Charming vintage LP vinyl record rack from the mid-20th century, perfect for displaying and storing your record collection in style. ✦ Wire metal arches in red and silver tones with a wooden base rail ✦ Numbered slots along the base for easy catalogue organisation ✦ Red painted end supports give a classic retro look ✦ Holds approximately 30+ LP records upright ✦ Great vintage condition with age-appropriate patina — a true collector's piece Photos are part of the description and show measurements",https://zicopeta53.github.io/go.html?id=4535626976,https://i.etsystatic.com/60918070/r/il/57f00a/8244977520/il_fullxfull.8244977520_jwtf.jpg,65.89 EUR,in stock,used,Stantique25
STQ-4521216195,Japanese Plate 21cm Hand-Painted – Multicolor with Gold Decor Vintage Unsigned Collectible,"A beautiful hand-painted Japanese decorative plate, 21 cm in diameter, showcasing the fine craftsmanship of traditional Japanese ceramics. Every detail is applied by hand – no two are exactly alike. ✦ Diameter: approx. 21 cm ✦ Fully hand-painted – unsigned ✦ Multicolor design with rich gold accent detailing ✦ Traditional Japanese motifs ✦ No chips or cracks – excellent vintage condition Japanese decorative plates like this were prized exports throughout the 20th century and are collected worldwi",https://zicopeta53.github.io/go.html?id=4521216195,https://i.etsystatic.com/60918070/r/il/29c6bb/8182407445/il_fullxfull.8182407445_tii9.jpg,65.75 EUR,in stock,used,Stantique25
STQ-4535627064,"Rare Alka Bavaria Mocha Set: Multicolor Luster Porcelain Cups, Saucers, Sugar, Creamer – Gold Decor","Stunning vintage mocha / demitasse service by Alka Bavaria, presented in like-new condition. ✦ Set includes 6 cups with saucers, sugar bowl with lid, and creamer ✦ Each piece features a unique multicolor luster glaze — green, pink, yellow, and burgundy — with elaborate gold baroque floral decor ✦ Manufactured in Bavaria, Germany; marked Alka Bavaria on the base ✦ Extremely rare collector's set — seldom found complete with sugar and creamer ✦ No chips, cracks, or notable wear; gold trim bright an",https://zicopeta53.github.io/go.html?id=4535627064,https://i.etsystatic.com/60918070/r/il/bee305/8238295280/il_fullxfull.8238295280_fz5k.jpg,669.98 EUR,in stock,used,Stantique25
STQ-4535627024,Vintage Style Red Metal Wood LP Vinyl Record Stand Holder Storage Rack (50+ Records),"✦ Eye-catching vintage-style LP vinyl record stand in bold red powder-coated metal with a natural wood base ✦ Numbered slots along the wooden rail make it easy to count and organise your record collection ✦ Arched wire frame holds upright 50+ standard 12-inch LP records securely ✦ Sturdy freestanding design — ideal for desks, shelves, or dedicated listening rooms ✦ A stylish display piece that celebrates the golden age of vinyl ✦ Great gift for any audiophile or record collector Photos are part ",https://zicopeta53.github.io/go.html?id=4535627024,https://i.etsystatic.com/60918070/r/il/026f3f/8238362494/il_fullxfull.8238362494_p9g3.jpg,65.89 EUR,in stock,used,Stantique25
STQ-4532244438,Hand-Painted Wood Candle Holder: Folk Art Floral Baluster Candlestick – Rustic Cottage Decor,"Charming vintage turned wooden candle holder in rustic farmhouse and folk art style. ✦ Hand-painted in deep red and sage green with raised floral motifs in cream, yellow and blue ✦ Classic baluster/spindle form with scallop-edge details — typical of Alpine or Eastern European folk craft ✦ Metal spike (pricket) on top to hold a pillar or taper candle securely ✦ Shows gentle signs of age and use — honest vintage patina throughout ✦ A lovely decorative accent for cottagecore, Landhaus or traditiona",https://zicopeta53.github.io/go.html?id=4532244438,https://i.etsystatic.com/60918070/r/il/96ba7b/8257447715/il_fullxfull.8257447715_ftr2.jpg,22.98 EUR,in stock,used,Stantique25
STQ-4418551261,Hutschenreuther Easter Egg 1994 Loewenzahnkinder – Ole Winther Design Limited Edition,"A collector's porcelain Easter egg from Hutschenreuther's 1994 limited annual edition. The egg features the charming motif ""Die Löwenzahnkinder"" (The Dandelion Children) by artist Ole Winther — playful children frolicking among dandelions and spring flowers. Finished with the original yellow hanging ribbon. Excellent condition: no chips or cracks. Includes original packaging (OVP). A must-have for collectors of the Hutschenreuther annual egg series. Photos are part of the description and show me",https://zicopeta53.github.io/go.html?id=4418551261,https://i.etsystatic.com/60918070/r/il/4d5b6f/8099854977/il_fullxfull.8099854977_86et.jpg,20.00 EUR,in stock,used,Stantique25
STQ-4438577501,Mebus Wall Clock White Ceramic – Vintage Retro 1970s Quartz Germany Mid Century Decor,"A classic Mebus wall clock with a square white ceramic housing. The dial is protected behind glass and shows clear black numerals with a contrasting red second hand. Powered by a reliable quartz movement, marked ""Germany."" The ceramic housing shows a fine age-related glaze texture consistent with the period. Fully functional. Shows light age-related wear and minor signs of use typical for its era. Photos are part of the description and show measurements and details. Please examine them carefully",https://zicopeta53.github.io/go.html?id=4438577501,https://i.etsystatic.com/60918070/r/il/e313c6/7782062570/il_fullxfull.7782062570_pi9t.jpg,45.00 EUR,in stock,used,Stantique25
STQ-4425955880,Gilde Candle Holders Set of 2 Short and Tall – Metal Patinated Green Gold Vintage Decor,"A matched pair of decorative candle holders by Gilde, in two complementary heights. Both feature a green patinated finish with gold-colored accents at the base and mid-section, giving them an antique bronze/brass appearance. Presented together, they form an instant decorative arrangement — ideal for a sideboard, table setting, or display cabinet. Very good condition. Shows light age-related wear and minor signs of use typical for their era. Photos are part of the description and show measurement",https://zicopeta53.github.io/go.html?id=4425955880,https://i.etsystatic.com/60918070/r/il/c0067a/7780772988/il_fullxfull.7780772988_mtli.jpg,45.00 EUR,in stock,used,Stantique25
STQ-4532232293,"Vintage Enamel Milk Can: Yellow Sunflower Floral, 2L Capacity, Farmhouse Decor","Charming vintage enamel milk can in warm yellow with a bold sunflower floral band around the body. ✦ Approx. 2-litre capacity with original fitted lid and wire bail handle with wooden grip ✦ Eye-catching orange sunflower motif with green leaves — classic country-kitchen style ✦ Shows typical age-related wear: minor enamel chips consistent with use and age ✦ Perfect as a decorative farmhouse accent, rustic vase, or cottagecore display piece ✦ Sold as a decorative collectible in vintage condition ",https://zicopeta53.github.io/go.html?id=4532232293,https://i.etsystatic.com/60918070/r/il/b551f0/8227126994/il_fullxfull.8227126994_ifew.jpg,33.78 EUR,in stock,used,Stantique25
STQ-4532680694,Vintage Loewe Opta Concert Speaker Box MCM Hi-Fi Loudspeaker (1950s-1960s),"Vintage Loewe Opta concert speaker box, likely model L06 / LO6, from the 1950s–1960s era of West German hi-fi craftsmanship. ✦ Compact rectangular loudspeaker enclosure with cream/ivory housing ✦ Classic woven metal mesh grille in a gold/silver tone — typical of the period ✦ Clean, minimalist Mid-Century Modern design — a striking display piece ✦ Untested — sold as-is for restoration, display or parts ✦ Shows light age-related patina consistent with vintage use ✦ A rare find for Loewe Opta colle",https://zicopeta53.github.io/go.html?id=4532680694,https://i.etsystatic.com/60918070/r/il/5ead2e/8265091319/il_fullxfull.8265091319_5dr7.jpg,75.89 EUR,in stock,used,Stantique25
STQ-4532668325,"Set of 6 Rosenthal Porcelain Bonbon Dishes: Gilded Floral Bouquet, Pierced Handles","Charming set of six small Rosenthal porcelain bonbon dishes, each featuring a richly gilded interior with a central hand-painted-style floral bouquet medallion. ✦ Set of 6 matching miniature dishes, each with a different floral motif ✦ Lavish gold ground with embossed scrollwork on the interior border ✦ Scalloped rims with four white pierced lug handles on each piece ✦ Each bouquet features roses, anemones and mixed garden flowers in vibrant colours ✦ Ideal as candy dishes, trinket trays or eleg",https://zicopeta53.github.io/go.html?id=4532668325,https://i.etsystatic.com/60918070/r/il/d1190f/8265084571/il_fullxfull.8265084571_6993.jpg,77.99 EUR,in stock,used,Stantique25
STQ-4443061355,Vintage Wood Box with Lid 17cm – Handmade Floral Carving Folk Art Rustic Trinket Box,"A round solid wood trinket box with a hand-carved floral lid. The carving depicts three large blooms with leaves, topped by a central knob for easy opening. At 17 cm in diameter, it offers useful storage for jewelry or small keepsakes. A one-of-a-kind decorative piece that fits perfectly in a rustic or country-style interior. Good vintage condition with warm, natural wood tones. Shows age-related wear typical for its era. Photos are part of the description and show measurements and details. Plea",https://zicopeta53.github.io/go.html?id=4443061355,https://i.etsystatic.com/60918070/r/il/843f5a/7825925175/il_fullxfull.7825925175_i5xo.jpg,25.00 EUR,in stock,used,Stantique25
STQ-4467793562,Vintage Candlestick Wood Hand-Painted Bauernmalerei – Folk Art Country Style Floral Decor,"A rustic wooden candlestick in the traditional Bauernmalerei (folk art) style. The bulbous form is hand-painted with a floral rose motif on an olive-green ground, accented with gold ornamental details. A sturdy metal spike inside the candle cup holds pillar candles securely. An ideal decorative piece for lovers of folk art and country-style interiors. Well preserved with authentic age-related patina and wear. Photos are part of the description and show measurements and details. Please examine th",https://zicopeta53.github.io/go.html?id=4467793562,https://i.etsystatic.com/60918070/r/il/30ba56/7777987398/il_fullxfull.7777987398_jelk.jpg,15.00 EUR,in stock,used,Stantique25
STQ-4532668347,"Vintage Kidney Side Table: Black Formica Top, Tapered Legs, Mid-Century Modern Coffee Table","Charming vintage kidney-shaped side table from the 1950s–1960s in classic Space Age / Mid-Century Modern style. ✦ Black glossy formica/laminate tabletop with silver trim edge ✦ Three slender tapered wooden legs with brass-tone screw-on feet ✦ Typical West German retro kidney form — a true era statement piece ✦ Shows age-appropriate wear; fully functional and stable for daily use ✦ A stylish accent table for living room, bedroom, or lounge corner Photos are part of the description and show measur",https://zicopeta53.github.io/go.html?id=4532668347,https://i.etsystatic.com/60918070/r/il/5dbe1a/8217160606/il_fullxfull.8217160606_nzvt.jpg,189.99 EUR,in stock,used,Stantique25
STQ-4525434570,"Vintage Kidney Shape Side Table: Marble-Look Formica Top, Wooden Legs, Mid-Century Retro",Charming vintage kidney-shaped side table from the 1950s–1960s in classic retro Space Age style. ✦ Triangular / kidney-form top with white-grey marble-look Formica laminate surface ✦ Brass-toned metal edge trim around the tabletop ✦ Three solid wood screw-in tapered legs in warm honey tone ✦ Shows light signs of age and use — fully functional and stable ✦ A wonderful authentic Mid-Century statement piece for any retro or Scandinavian interior Photos are part of the description and show measureme,https://zicopeta53.github.io/go.html?id=4525434570,https://i.etsystatic.com/60918070/r/il/24db07/8270984871/il_fullxfull.8270984871_akn8.jpg,198.98 EUR,in stock,used,Stantique25
STQ-4442323793,Antique Cast Iron Flat Iron – Rooster Figure Lid Wood Handle Vintage Coal Iron Decor Piece,"An antique solid cast iron coal iron in well-preserved collectible condition. A standout detail is the decorative rooster-figure latch on the front, along with an ornamental grip holder and original wooden handle. The housing has side ventilation openings for the coal filling. Best suited as a rustic kitchen display piece, bookend, or addition to a collection of historical household objects. Shows strong honest patina and age-related wear consistent with an antique item. Photos are part of the d",https://zicopeta53.github.io/go.html?id=4442323793,https://i.etsystatic.com/60918070/r/il/fdc029/7775574798/il_fullxfull.7775574798_h1u6.jpg,50.00 EUR,in stock,used,Stantique25
STQ-4467431930,Vintage Plant Stand 1970s 80s Solid Wood – Etagere West Germany Style Retro Tiered Shelf,"A sturdy solid wood plant stand in the classic West German style of the 1970s–80s. The four-tier etagere features stepped rectangular shelves of graduated sizes, with a wide base tier finished with a decoratively curved trim. An ideal display piece for plants, books, or collectibles. Well preserved with an authentic patina. The wood surfaces show some staining and age-related wear — please review all photos carefully. Photos are part of the description and show measurements and details. Please e",https://zicopeta53.github.io/go.html?id=4467431930,https://i.etsystatic.com/60918070/r/il/3db38a/7775569412/il_fullxfull.7775569412_bozv.jpg,175.00 EUR,in stock,used,Stantique25
STQ-4428832992,"Mid Century Plant Stand – Pink Marble Look, 5-Tier Wood Flower Display","An original Mid-Century plant stand with the V-shaped silhouette and flair typical of the 1950s and 1960s. Five staggered round tiers feature a pink marble-look surface finish with a gold rim accent. The stand sits on a sturdy crossed base. An ideal decorative display piece for a living room, conservatory, or sunroom. Very good condition — shows light age-related wear only. Photos are part of the description and show measurements and details. Please examine them carefully — they reflect the item",https://zicopeta53.github.io/go.html?id=4428832992,https://i.etsystatic.com/60918070/r/il/eee614/8271019509/il_fullxfull.8271019509_t3bl.jpg,250.00 EUR,in stock,used,Stantique25
STQ-4532668407,"Vintage Louis XV Style Armchairs: Needlepoint Tapestry Upholstery, Carved Wood Set","A charming pair of vintage fauteuil armchairs in the French Louis XV / Rococo style, offered as a set of two. ✦ Carved wooden frames with elegant cabriole legs and scroll armrests ✦ Upholstered in fine needlepoint tapestry fabric featuring romantic courting scenes on the backrest and floral rose motifs on the seat ✦ Brass stud nail-head trim detail along the frame edges ✦ Fabric is in good overall condition; upholstery padding could be refreshed and fabric professionally cleaned ✦ A beautiful st",https://zicopeta53.github.io/go.html?id=4532668407,https://i.etsystatic.com/60918070/r/il/a1ea0a/8266264441/il_fullxfull.8266264441_nkyv.jpg,1200.00 EUR,in stock,used,Stantique25
STQ-4521221542,Vintage Genuine Leather Handbag – Crocodile Embossed Brown Cognac Gold Hardware Classic,A timeless vintage genuine leather handbag with a beautiful crocodile-embossed texture in rich brown/cognac tones and elegant gold-tone hardware. Classic structured form that never goes out of style. ✦ Genuine leather construction ✦ Crocodile / reptile embossed texture ✦ Rich brown / cognac color ✦ Gold-tone metal hardware and clasp ✦ Structured form with interior compartments ✦ Sturdy handle Vintage leather handbags of this quality are increasingly difficult to find – the leather and craftsmans,https://zicopeta53.github.io/go.html?id=4521221542,https://i.etsystatic.com/60918070/r/il/cfd5d9/8265047505/il_fullxfull.8265047505_qc64.jpg,97.98 EUR,in stock,used,Stantique25
STQ-4532232231,Antique Vintage Chess Clock Wooden Double Dial Timer Mechanical Chess Game Decor Collectible,"A charming antique chess clock housed in a warm honey-toned wooden case with two round chrome-bezel dials. ✦ Classic double-dial mechanical chess timer with push-button controls on top ✦ Wooden case in good vintage condition showing natural age patina ✦ Chrome bezels with cream/ivory dials featuring decorative red chess piece motifs ✦ Sold strictly as decorative item only — not in working condition ✦ A wonderful display piece for chess enthusiasts, collectors, or vintage home décor Photos are pa",https://zicopeta53.github.io/go.html?id=4532232231,https://i.etsystatic.com/60918070/r/il/06d9a7/8215700926/il_fullxfull.8215700926_lghj.jpg,135.77 EUR,in stock,used,Stantique25
STQ-4532244400,Vintage Copper Twin Bell Wind-Up Alarm Clock Roman Numerals Mechanical Desk Clock Retro Bedside,"Charming vintage mechanical wind-up alarm clock with a warm copper-toned metal case and classic twin bell design. ✦ Copper-coloured metal case with twin dome bells and carry handle ✦ Ornate dial featuring Roman numerals on dark segment panels with decorative engraved centre ✦ Slender brass-tone hands and two small feet for stable standing ✦ Wind-up mechanical movement — function not tested, sold as-is ✦ Shows natural age-related patina and wear consistent with vintage character ✦ A beautiful dec",https://zicopeta53.github.io/go.html?id=4532244400,https://i.etsystatic.com/60918070/r/il/ef9eab/8262850921/il_fullxfull.8262850921_q0ub.jpg,78.98 EUR,in stock,used,Stantique25
STQ-4532680780,"Vintage Floral Lamp Set: 2 Table Lamps, 1 Pendant Ceiling Light","Charming 3-piece vintage country-style lamp set consisting of two small table/display cabinet lamps and one matching pendant ceiling lamp. ✦ Soft gathered fabric shades in cream with a delicate ditsy floral print in pink and blue ✦ Turned wooden bases and ceiling fitting in natural light wood ✦ Pendant lamp suspended from a twisted rope cord with a decorative turned wood connector ✦ Cottagecore, shabby chic and farmhouse aesthetic — perfect for bedroom, nursery or living room ✦ Sold as a complet",https://zicopeta53.github.io/go.html?id=4532680780,https://i.etsystatic.com/60918070/r/il/2d8be4/8260684387/il_fullxfull.8260684387_fck8.jpg,348.98 EUR,in stock,used,Stantique25
STQ-4532668427,Vintage Red Space Age Lighted Vanity Mirror – 1970s Double Sided Magnifying Makeup Mirror,Stunning Space Age vanity mirror in bold red plastic — a true statement piece from the 1970s era. ✦ Double-sided: one normal and one magnifying mirror side ✦ Two built-in candle-style side lamps for perfect makeup lighting ✦ Integrated tray at the base for cosmetics storage ✦ Fully working — lamps and mirror function perfectly ✦ Striking red gloss plastic frame in excellent retro condition ✦ A rare and eye-catching collector's item for mid-century and Space Age enthusiasts Photos are part of the,https://zicopeta53.github.io/go.html?id=4532668427,https://i.etsystatic.com/60918070/r/il/f46225/8212769980/il_fullxfull.8212769980_j04a.jpg,198.98 EUR,in stock,used,Stantique25
STQ-4532244472,"Ornate Brass Picture Frames, Rococo Victorian Easel, Silk Print Autumn Landscape (Set of 2)",Beautiful vintage brass picture frame featuring elaborate rococo-style scrollwork and an ornate pierced surround with integrated easel stand. ✦ Intricate cast brass frame with heavy acanthus leaf and scroll detailing ✦ Contains a silk-print autumn landscape scene with trees and birds ✦ Built-in decorative brass easel/stand feet for tabletop display ✦ Rich aged golden brass patina throughout ✦ A charming decorative piece for a classic or eclectic interior ✦ Sold as a set of 2 (listing covers both,https://zicopeta53.github.io/go.html?id=4532244472,https://i.etsystatic.com/60918070/r/il/d9ae8a/8260501249/il_fullxfull.8260501249_owlb.jpg,65.00 EUR,in stock,used,Stantique25
STQ-4532244360,Vintage Italian Ceramic Wall Clock with 3D Vegetables Tomato Garlic Pepper Majolica Kitchen Decor,"Charming vintage Italian ceramic wall clock featuring a beautifully hand-crafted surround of three-dimensional vegetables including tomatoes, garlic bulbs, red and yellow chili peppers, and leafy greens. ✦ Glazed ceramic / majolica style, typical of Italian artisan craft ✦ Cream and green toned clock face with Roman numerals ✦ Ornate black metal clock hands with red seconds hand — clock is functional ✦ Highly decorative piece, perfect for a kitchen or country-style interior ✦ Please note: has a ",https://zicopeta53.github.io/go.html?id=4532244360,https://i.etsystatic.com/60918070/r/il/c3befe/8260489503/il_fullxfull.8260489503_9uiw.jpg,227.98 EUR,in stock,used,Stantique25
STQ-4532244470,Vintage Black Forest Busts | Faux Wood Plastic Old Couple Figurines,"Charming pair of Black Forest style bust figurines depicting an elderly man with hat and pipe and a woman with headscarf. ✦ Made from plastic with a convincing carved wood-look finish ✦ Warm brown tone with detailed surface texture mimicking hand-carved wood ✦ Classic German folk art / Black Forest aesthetic ✦ Perfect for farmhouse, cottage or rustic country home décor ✦ Sold as a set of two figures ✦ Pre-owned vintage condition — please view all photos carefully Photos are part of the descripti",https://zicopeta53.github.io/go.html?id=4532244470,https://i.etsystatic.com/60918070/r/il/13e35d/8257432619/il_fullxfull.8257432619_icqo.jpg,35.75 EUR,in stock,used,Stantique25
STQ-4526215088,Retro Brass Wire Letter Holder: Mid-Century Black Plastic Desk Mail Rack,"Charming retro letter and mail holder from the mid-20th century, combining brass-toned wire dividers with a sleek black plastic base. ✦ Three compartments formed by graceful arched brass wire loops ✦ Sturdy rectangular black plastic base in good vintage condition ✦ Eye-catching mid-century modern aesthetic for any desk or workspace ✦ Ideal for sorting letters, postcards, notebooks or documents ✦ Shows light age-related patina on wire — adds to the authentic retro charm ✦ A stylish and functional",https://zicopeta53.github.io/go.html?id=4526215088,https://i.etsystatic.com/60918070/r/il/b227ab/8166667998/il_fullxfull.8166667998_ntg3.jpg,37.89 EUR,in stock,used,Stantique25
STQ-4526206733,Vintage Batschari Tufuma 50 Cigarettes Tin Box – Art Deco Litho Advertising Collectible,"Rare vintage flat cigarette tin from the German brand Batschari, specifically for their 'Tufuma' variety – holding 50 cigarettes (sans bout / filterless). ✦ Striking Art Deco lithographed design in vivid blue, yellow, black and white ✦ Features the iconic ABC triangle logo and 'Tufuma Batschari' lettering ✦ Flat hinged lid format typical of 50-cigarette flat tins from the 1930s–1950s ✦ Age-appropriate wear: light scratches and patina on edges and corners ✦ A sought-after piece for advertising ti",https://zicopeta53.github.io/go.html?id=4526206733,https://i.etsystatic.com/60918070/r/il/edc024/8166682660/il_fullxfull.8166682660_hobx.jpg,33.89 EUR,in stock,used,Stantique25
STQ-4526215274,"Agfa Agfamatic 100 Vintage 110 Camera: Silver, Black, Red Button (Decorative Prop)","A charming piece of photographic history — the Agfa Agfamatic 100, a compact 110 pocket camera from the 1970s. ✦ Classic silver and black body with iconic red shutter button ✦ Metal wrist strap / chain included ✦ Sold as decorative item / display piece only — not tested for functionality ✦ Shows age-appropriate wear including surface scratches on the silver trim ✦ A wonderful retro prop for shelves, photo studios, or vintage-themed displays Photos are part of the description and show measurement",https://zicopeta53.github.io/go.html?id=4526215274,https://i.etsystatic.com/60918070/r/il/768a8a/8260511533/il_fullxfull.8260511533_fd02.jpg,35.00 EUR,in stock,used,Stantique25
STQ-4525425883,Retro Car Sun Shade: 1980s-1990s 'Keep!' Sun Visor (Foldable),"Cool retro foldable car windshield sun shade from the 1980s–90s featuring the iconic 'Keep Cool!' slogan with a smiling sun graphic. ✦ Classic accordion-fold cardboard/foil sun visor for car dashboards ✦ Bold yellow 'Keep Cool!' lettering and cheerful sun face design ✦ Blue and white stripe pattern — a true retro time capsule ✦ Great condition for its age — a cult piece and eye-catcher ✦ Perfect as garage décor, shop display, or pop culture wall art ✦ Unbranded original vintage item — hard to fi",https://zicopeta53.github.io/go.html?id=4525425883,https://i.etsystatic.com/60918070/r/il/b9a99b/8260537497/il_fullxfull.8260537497_kq6h.jpg,87.00 EUR,in stock,used,Stantique25
STQ-4525425853,"Vintage Opaline Glass Pendant Light: Floral Sunflower Motif, Brass Chain Lamp","Charming vintage-style pendant lamp featuring a cream opaline glass shade adorned with hand-applied sunflower and daisy floral motifs. ✦ Dome-shaped glass shade with decorative scalloped wavy edge trimmed in gold ✦ Beautiful sunflower and wildflower transfer print in warm amber, green and white tones ✦ Brass-toned metal fittings and chain suspension with a turned wooden accent piece ✦ Warm cottagecore, farmhouse or Landhaus interior aesthetic ✦ Good vintage condition — please review all photos c",https://zicopeta53.github.io/go.html?id=4525425853,https://i.etsystatic.com/60918070/r/il/861ce0/8180929766/il_fullxfull.8180929766_xs34.jpg,127.89 EUR,in stock,used,Stantique25
STQ-4525425895,Vintage Lucite Side Table: Charles Hollis Jones Style Geometric Acrylic Chrome Base,Stunning vintage side table crafted from thick clear lucite acrylic with a striking geometric Z-form silhouette. ✦ Sculptural design in the style of Charles Hollis Jones — a hallmark of 1970s Hollywood Regency glamour ✦ Thick-cut clear acrylic panels form a bold angular Z-shaped support structure ✦ Chrome-finish metal ball accents at the base junction add a luxurious finishing touch ✦ Flat square acrylic top and base for stability and clean aesthetic ✦ Age-appropriate light surface wear; overall,https://zicopeta53.github.io/go.html?id=4525425895,https://i.etsystatic.com/60918070/r/il/657abd/8212604106/il_fullxfull.8212604106_add2.jpg,449.94 EUR,in stock,used,Stantique25
STQ-4392768629,Cobalt Blue Glass Bottle Decanter 22cm – Triangular Base Stopper Vintage Art Glass Decor,"A handmade cobalt blue glass bottle with matching stopper, approx. 22 cm tall. The sculptural three-point base, short neck, and organic stopper create a striking decorative silhouette. The deep, saturated cobalt blue is achieved through cobalt oxide in the glass — a classic of decorative glassware. Use it as a carafe, perfume bottle, or standalone display piece. Very good condition with minimal use marks. The stopper fits correctly; any slight adjustment marks are typical of vintage hand-made pi",https://zicopeta53.github.io/go.html?id=4392768629,https://i.etsystatic.com/60918070/r/il/757900/7369668885/il_fullxfull.7369668885_686u.jpg,20.00 EUR,in stock,used,Stantique25
STQ-4526206889,Set of 2 Vintage Florentine Trays: Red Gold Ornate Baroque Italy Plastic Serving Tray,"Stunning pair of Florentine-style decorative trays made in Italy, crafted from plastic with an ornate baroque aesthetic. ✦ Rich red-orange background with embossed gold scrollwork and floral motifs ✦ Shaped scalloped edges with decorative handles — classic Florentine design ✦ Lightweight plastic construction with a painted and gilded finish ✦ Two trays included — each with its own ornamental pattern ✦ Perfect for display, vanity use, or as a decorative accent piece ✦ Shows light signs of age and",https://zicopeta53.github.io/go.html?id=4526206889,https://i.etsystatic.com/60918070/r/il/b3900d/8260544547/il_fullxfull.8260544547_ptr2.jpg,47.78 EUR,in stock,used,Stantique25
STQ-4525425889,Dinett Folding Serving Trolley Cart: Mid Century Modern Chrome Two Tier Bar Cart,"Iconic Mid-Century Modern folding serving trolley by Dinett Original, model ADT 432.30, made in Germany circa 1950s–1960s. ✦ Two removable brown lacquered metal trays in warm cognac-brown tone ✦ Foldable chrome-plated tubular steel frame — compact for storage ✦ Rolls smoothly on four original castors with chrome detailing ✦ Classic MCM design — a stylish addition to any vintage or retro interior ✦ Age-appropriate condition with light patina; trays intact and frame sturdy Photos are part of the d",https://zicopeta53.github.io/go.html?id=4525425889,https://i.etsystatic.com/60918070/r/il/8c65d7/8180930070/il_fullxfull.8180930070_mnoi.jpg,212.74 EUR,in stock,used,Stantique25
STQ-4526215248,Vintage German Stoneware Set: 7-Piece Blue Grey Folk Art Pottery Jugs Cups Vase,"Charming set of seven German stoneware pieces in classic grey and cobalt blue folk-art style. ✦ Set includes: one pitcher, one larger vase/cup, two small jugs, and three miniature pots/cups ✦ Decorated with traditional hand-painted blue floral and scroll motifs ✦ One pitcher features a distinctive stippled dot pattern with a blue windmill motif ✦ Grey salt-glaze style stoneware typical of German regional pottery tradition ✦ Perfect for rustic, farmhouse or country-style home decoration ✦ All pie",https://zicopeta53.github.io/go.html?id=4526215248,https://i.etsystatic.com/60918070/r/il/ae2f99/8166659414/il_fullxfull.8166659414_ei5m.jpg,60.92 EUR,in stock,used,Stantique25
STQ-4526214924,Vintage Brass Maritime Compass Colorful Wind Rose Dial Nautical Decor Collectible Rare Old Navigation,"A wonderfully eye-catching vintage brass compass featuring a vibrant multicolored wind-rose dial under a glass lens. ✦ Striking compass rose in red, green, teal and black – highly decorative ✦ Solid brass body with copper-toned base ring, approx. 7 cm diameter ✦ Glass crystal top protects the colorful paper/card dial inside ✦ Wonderful maritime collectible or desk decoration piece ✦ Shows honest age-related patina and wear consistent with vintage use ✦ A rare and visually bold find for nautical ",https://zicopeta53.github.io/go.html?id=4526214924,https://i.etsystatic.com/60918070/r/il/2f12bc/8214625687/il_fullxfull.8214625687_mdnc.jpg,68.98 EUR,in stock,used,Stantique25
STQ-4526207107,"Rare Vintage Fabric Nail Stud Set – Stone & Acrylic Bases, Upholstery Tack Display","Rare and unusual set of two large decorative fabric nails (upholstery studs/tacks) presented as display or collector pieces. ✦ Set of 2: one with a dark stone/slate-like base, one with a clear acrylic/lucite base ✦ Each features a metal (brass-tone or chrome-tone) tubular pin and disc-shaped washer plate ✦ Oversized format suggests display, prop, or collector use rather than functional upholstery ✦ The stone-base example shows natural dark mottled coloring; the acrylic base is clear/transparent ",https://zicopeta53.github.io/go.html?id=4526207107,https://i.etsystatic.com/60918070/r/il/50190a/8217411431/il_fullxfull.8217411431_ojx6.jpg,579.89 EUR,in stock,used,Stantique25
STQ-4526207211,2 retro bilderrahmen echt alt ungenutzt noch verpackt mit echtem blattgold verkleidet selten raritat,"2 retro bilderrahmen echt alt ungenutzt noch verpackt mit echtem blattgold verkleidet selten raritat. ✦ Vintage / antique item ✦ See all photos for the exact condition and details ✦ One-of-a-kind / as pictured Condition: vintage - please review all photos carefully, they are part of the description. Photos are part of the description and show measurements and details. Please examine them carefully - they reflect the item's condition. Shipping: All orders via DHL insured, double-boxed with protec",https://zicopeta53.github.io/go.html?id=4526207211,https://i.etsystatic.com/60918070/r/il/67fd47/8169426700/il_fullxfull.8169426700_lt5z.jpg,62.78 EUR,in stock,used,Stantique25
STQ-4522423370,Globe Automatic Numbering Stamp: Vintage Wood Handle Industrial Decor,"Wonderful antique automatic numbering stamp with turned wooden handle and intricate steel mechanism — a true piece of industrial history. ✦ Brand: Globe (engraved on mechanism) ✦ Fully functional automatic sequential numbering stamp ✦ Classic turned wooden handle with metal shaft ✦ Intricate cast and machined steel body with self-advancing number wheels ✦ Great for industrial office decor, prop styling, or collector display ✦ Pre-owned vintage condition with natural patina — mechanism advances c",https://zicopeta53.github.io/go.html?id=4522423370,https://i.etsystatic.com/60918070/r/il/bec782/8194058739/il_fullxfull.8194058739_6bhp.jpg,49.98 EUR,in stock,used,Stantique25
STQ-4526215372,BMF Nagel Stoff Modular Candleholders Set of 4 Brutalist Mid-Century Modern Chrome Taper Holders,"Rare set of four iconic modular candleholders designed by Ceasar Stoffi and Fritz Nagel for BMF (Bayerische Metallwarenfabrik), a celebrated West German design classic from the 1960s–70s. ✦ Set of 4 individual interlocking modular pieces ✦ Iconic brutalist / mid-century modern sculptural form ✦ Chrome-plated metal in silver tone with age-appropriate patina ✦ Each piece holds multiple taper candles and can be combined freely ✦ Rare model — a highly sought-after collector's item ✦ Vintage conditio",https://zicopeta53.github.io/go.html?id=4526215372,https://i.etsystatic.com/60918070/r/il/694b0e/8167480634/il_fullxfull.8167480634_bt1h.jpg,389.98 EUR,in stock,used,Stantique25
STQ-4526215420,BMF Stoffi Modular Candleholders Set – Silver-Plated Mid-Century Modern Taper Holders (West Germany),"A rare and iconic set of four modular candleholders by Ceasar Stoffi for Emil Nagel / BMF (Bayerische Metallwarenfabrik), West Germany. ✦ Rare modular design — each piece holds three taper candles and interlinks with others ✦ Polished silver-plated metal with a sleek, space-age Mid-Century Modern aesthetic ✦ Iconic collectible German design object from the 1970s ✦ All four pieces present and in good vintage condition — light wear consistent with age ✦ A striking centrepiece for table styling or ",https://zicopeta53.github.io/go.html?id=4526215420,https://i.etsystatic.com/60918070/r/il/4b3a90/8167475918/il_fullxfull.8167475918_xnog.jpg,292.98 EUR,in stock,used,Stantique25
STQ-4525425947,"Vintage German Garden Gnomes – Accordion Player, Retro Plastic Figures Set","Charming set of four vintage retro garden gnomes in near-mint condition. ✦ Set includes 1 large gnome playing an accordion and 3 smaller gnomes in colorful outfits ✦ Classic West German-style design with hand-painted details and vivid colors ✦ Made from durable plastic – typical of mid-20th century European garden décor ✦ All figures are in like-new (neuwertig) condition with no chips or cracks observed ✦ A wonderful collectible set for gnome enthusiasts, retro lovers, or garden display ✦ Sold a",https://zicopeta53.github.io/go.html?id=4525425947,https://i.etsystatic.com/60918070/r/il/e67807/8209355677/il_fullxfull.8209355677_pgw7.jpg,97.79 EUR,in stock,used,Stantique25
STQ-4526206751,"Black Forest Hand Carved Wood Seal Sculpture, German Folk Art Minimalist Figurine","Charming hand-carved wooden sculpture from the Black Forest region of Germany, shaped to suggest a resting seal or abstract animal form. ✦ Minimalist, organic silhouette carved from a natural wood slab with visible grain ✦ Raw, unfinished aesthetic — a perfect statement piece for modern or rustic interiors ✦ Measures approx. 27 cm wide based on the tape measure visible in photo ✦ Shows natural wood character including grain lines and minor age-related marks ✦ A wonderful example of traditional G",https://zicopeta53.github.io/go.html?id=4526206751,https://i.etsystatic.com/60918070/r/il/760885/8214915489/il_fullxfull.8214915489_s01w.jpg,129.98 EUR,in stock,used,Stantique25
STQ-4526214994,"Villeroy & Boch Collector Plates Set of 2: Black Transfer Print Horses (Hongrie, Angleterre)","Charming pair of antique Villeroy & Boch decorative collector plates featuring black transfer-print equestrian scenes. ✦ Set of 2 plates – one titled ""Hongrie"" (Hungary), one titled ""Angleterre"" (England) ✦ Classic black on cream/ivory glaze with scalloped rim and fine black border line ✦ Each plate depicts a detailed horse scene in the style of 19th-century genre illustration ✦ Typical Villeroy & Boch earthenware quality – sturdy and well-preserved ✦ Wonderful wall display pieces or additions t",https://zicopeta53.github.io/go.html?id=4526214994,https://i.etsystatic.com/60918070/r/il/27e0e9/8166686326/il_fullxfull.8166686326_t2lq.jpg,47.75 EUR,in stock,used,Stantique25
STQ-4524809422,Vintage Brass Candleholder Set with Engraved Tray – Golden Patina Home Decor,"Charming vintage brass decorative set consisting of four candleholders and one large round engraved brass tray. ✦ Set includes: 1 tall baluster-style candleholder, 2 smaller taper candleholders with square/hexagonal bases, and 1 pillar candle holder ✦ Large round brass tray features intricate etched floral and geometric patterns ✦ All pieces in warm golden brass tone with natural aged patina ✦ Candles shown in photos are NOT included – decorative display only ✦ Perfect for vintage, boho, or ecle",https://zicopeta53.github.io/go.html?id=4524809422,https://i.etsystatic.com/60918070/r/il/fbc00e/8166499318/il_fullxfull.8166499318_bvx6.jpg,45.02 EUR,in stock,used,Stantique25
STQ-4525434792,Antique Apothecary Balance Scale Brass Frame Plastic Pans Pharmacy Hanging Scale 100g Functional,"Charming antique apothecary hanging balance scale with a decorative ornate brass frame and two cream-coloured plastic pans suspended by green string. ✦ Fully functional balance scale, capacity approx. 100g ✦ Brass beam and hanging ring with elegant cut-out decorative detailing ✦ Two matching cream/amber plastic pans in good condition ✦ Suspended with green twisted cord — original or period-appropriate replacement ✦ Wonderful display piece for pharmacy, apothecary, or vintage home décor ✦ Age-app",https://zicopeta53.github.io/go.html?id=4525434792,https://i.etsystatic.com/60918070/r/il/9b75c1/8209353837/il_fullxfull.8209353837_q4gz.jpg,48.89 EUR,in stock,used,Stantique25
STQ-4525425939,"Antique Cast Iron Letter Scale, Celluloid Platform Postal Balance – Functional Vintage Office Desk Item","A beautifully preserved antique letter scale, perfect for the vintage office or as a decorative collector's piece. ✦ Cast-iron tripod base with black finish, arc-shaped white enamel dial graduated 0–100 g ✦ Warm amber celluloid or early plastic weighing platform ✦ Brass adjustment knob on base for zeroing; needle pointer mechanism intact ✦ Fully functional according to the seller's note ✦ Very good antique condition with age-appropriate patina — no major damage noted Photos are part of the descr",https://zicopeta53.github.io/go.html?id=4525425939,https://i.etsystatic.com/60918070/r/il/b1ef09/8211258961/il_fullxfull.8211258961_4mwa.jpg,42.45 EUR,in stock,used,Stantique25
STQ-4525434810,Vintage Wooden Model Sailing Ship Three-Masted Tall Ship Clipper Hardwood Handcrafted Nautical Decor 32cm,"A beautifully crafted vintage wooden model of a three-masted sailing ship, ideal for nautical collectors and home decoration. ✦ Three-masted tall ship with detailed rigging, rolled sails and a small metal anchor ✦ Hull painted in dark green and white with natural hardwood deck ✦ Comes on a matching wooden display stand ✦ Approximately 32 cm long and 35 cm tall ✦ Finely worked hardwood construction with cord rigging throughout ✦ Great display piece with a classic maritime charm Photos are part of",https://zicopeta53.github.io/go.html?id=4525434810,https://i.etsystatic.com/60918070/r/il/0e155d/8161422066/il_fullxfull.8161422066_gdsg.jpg,147.98 EUR,in stock,used,Stantique25
STQ-4524801709,"Set of 3 Antique Gugelhupf Bundt Cake Molds, Tin Metal Patina Farmhouse Kitchen Decor","A charming set of three antique Gugelhupf (Bundt) cake molds in aged tin/metal with a beautiful natural patina. ✦ Set of 3 molds, each with a different decorative pattern ✦ Largest mold approx. 20 cm diameter (measured in photo) ✦ Classic scalloped and star/floral relief designs ✦ One mold features a small hanging ring for display ✦ Wonderful patina showing honest age and use ✦ Perfect for rustic farmhouse kitchen decoration or collection Photos are part of the description and show measurements ",https://zicopeta53.github.io/go.html?id=4524801709,https://i.etsystatic.com/60918070/r/il/9c7a6f/8209558695/il_fullxfull.8209558695_cr6j.jpg,49.98 EUR,in stock,used,Stantique25
STQ-4525426011,"Antique Hammered Copper Brass Basket Bowl, Ornate Handle Centerpiece Planter","A beautifully crafted vintage basket-form bowl combining a hammered copper body with ornate brass details and a tall central handle. ✦ Material: Hammered copper body with embossed brass trim band and brass interior lining ✦ Features a tall flat central handle with a decorative floral rivet detail ✦ Scalloped wavy brass rim adds elegant decorative flair ✦ Unused and in excellent vintage condition — no dents, no heavy patina ✦ Perfect as a fruit bowl, bread basket, planter cache-pot or decorative ",https://zicopeta53.github.io/go.html?id=4525426011,https://i.etsystatic.com/60918070/r/il/020c59/8214425639/il_fullxfull.8214425639_elg3.jpg,55.98 EUR,in stock,used,Stantique25
STQ-4524809440,"Set of 3 Small Asian Silk Rugs: Floral Bird Motif, Chinese Art Carpet (35x35cm)","Charming set of three small Asian silk rugs, each approximately 35x35cm, sold together as a set. ✦ Designs feature a blue bird with flowers, birds on bamboo branches, and a classic Asian symbol/lion motif ✦ Soft silk blend pile with fine knotted or woven construction and fringe edges ✦ Neutral cream, beige, and earthy tones — easy to combine with many décor styles ✦ Can be used as wall hangings, table mats, or decorative accent rugs ✦ Very clean condition, no visible stains or damage ✦ A beautif",https://zicopeta53.github.io/go.html?id=4524809440,https://i.etsystatic.com/60918070/r/il/6abaa4/8204913247/il_fullxfull.8204913247_i1hj.jpg,135.75 EUR,in stock,used,Stantique25
STQ-4523888734,"Vintage Enamel Cooking Pots Set: Turquoise, Red Mid-Century Kitchenware","Charming pair of vintage enamel cooking pots with matching lids in bold retro colours. ✦ Set of 2 pots, each with its own enamel lid ✦ One pot with turquoise/teal lid, one with a vivid red lid ✦ White enamel interior with characteristic vintage marbling ✦ Metal wire side handles and loop lid handles ✦ Good vintage condition – light wear consistent with age, no major chips noted ✦ A striking display or functional piece for any retro or farmhouse kitchen Photos are part of the description and show",https://zicopeta53.github.io/go.html?id=4523888734,https://i.etsystatic.com/60918070/r/il/e3f22c/8204861631/il_fullxfull.8204861631_8um6.jpg,79.98 EUR,in stock,used,Stantique25
STQ-4523728797,Set of 6 Mid Century Faux Leather Coat Hangers – Multicolor Wood Metal Retro Wardrobe,"A stunning set of six vintage coat hangers from the 1950s Mid Century era, covered in textured faux leather over a wooden core with metal swivel hooks. ✦ Set of 6 hangers in five striking colours: black (x2), tan/brown, petrol blue, orange-red, and olive green ✦ Textured pebble-grain faux leather covering in excellent vintage condition ✦ Wooden core provides sturdy, shoulder-friendly support ✦ Metal hooks with classic Mid Century curved design ✦ A beautiful decorative and functional set for any ",https://zicopeta53.github.io/go.html?id=4523728797,https://i.etsystatic.com/60918070/r/il/45c102/8214461065/il_fullxfull.8214461065_su31.jpg,69.98 EUR,in stock,used,Stantique25
STQ-4523728809,Set of Vintage 1950s Mid Century Studded Faux Leather Wood Coat Hangers Green Black Gold Studs MCM,"Gorgeous set of vintage coat hangers from the 1950s Mid Century era, wrapped in green and black faux leather with rows of gold-tone metal studs. ✦ Set of multiple hangers — green and black colourways ✦ Wooden core wrapped in studded faux leather ✦ Classic wire hooks in metal ✦ Wonderful decorative wardrobe accessory with authentic Mid Century charm ✦ Age-appropriate patina; studs show light tarnishing consistent with age ✦ A stylish collectible or functional statement piece for any vintage inter",https://zicopeta53.github.io/go.html?id=4523728809,https://i.etsystatic.com/60918070/r/il/fd2d54/8166517536/il_fullxfull.8166517536_sjz5.jpg,60.89 EUR,in stock,used,Stantique25
STQ-4523728901,Vintage Ceramic Country Style Decor Set 4 Pieces | Bundt Mold Sugar Bowl Oil Lamp Decorative Plate | Farmhouse Folk Art Pottery,"Charming 4-piece vintage ceramic decorative set in classic country / farmhouse style — a lovely collection for home, café, or garden display. ✦ Hand-painted floral sugar bowl with lid — cream glaze with colourful folk-art flowers ✦ Decorative wall plate — embossed floral motif with multicolour hand-painted details ✦ Ceramic oil lamp / genie lamp shape — dark brown glaze, ornamental piece ✦ Small ceramic Bundt / Gugelhupf mould pendant — brown & white drip glaze, hanging loop ✦ All pieces show ty",https://zicopeta53.github.io/go.html?id=4523728901,https://i.etsystatic.com/60918070/r/il/25c040/8198574107/il_fullxfull.8198574107_57h4.jpg,68.89 EUR,in stock,used,Stantique25
STQ-4523737564,Vintage Italian Florentine Style Glass Coasters Set of 4 Gold Red Gilt Wood Made in Italy Mid Century,"Charming set of four vintage Florentine-style coasters made in Italy, featuring the classic gold and red colour combination beloved in Italian decorative arts. ✦ Set of 4 matching coasters in Florentine style ✦ Classic gilt and red painted decoration with ornate relief motifs including fleur-de-lis and scrollwork ✦ Scalloped decorative edges typical of Florentine craftsmanship ✦ Vintage condition with age-appropriate patina and wear consistent with use ✦ Made in Italy – a wonderful piece of mid-",https://zicopeta53.github.io/go.html?id=4523737564,https://i.etsystatic.com/60918070/r/il/e95396/8198568817/il_fullxfull.8198568817_idm1.jpg,29.89 EUR,in stock,used,Stantique25
STQ-4523737342,Vintage AWR No.55 Cast Iron Manual Meat Grinder Mincer Table Clamp Hand Crank Antique Kitchen Decor,"Charming vintage manual meat grinder marked AWR No. 55, made of cast iron with a black wooden handle. ✦ Brand/model: AWR, size number 55 cast into the body ✦ Table-clamp mounting with original screw clamp and key tool ✦ Hand-crank operation with turned wooden knob handle ✦ Sold for decorative purposes only – funktional condition unverified ✦ Lovely patina and age-appropriate wear; a great farmhouse or kitchen display piece Photos are part of the description and show measurements and details. Ple",https://zicopeta53.github.io/go.html?id=4523737342,https://i.etsystatic.com/60918070/r/il/933985/8198591387/il_fullxfull.8198591387_8i7w.jpg,29.98 EUR,in stock,used,Stantique25
STQ-4523093467,Vintage Hand Painted Wooden Jewelry Box Dark Brown Folk Art Floral Roses Cottage Country Style Trinket Box Storage,"✦ Charming vintage wooden jewelry and trinket box with a rich dark brown finish ✦ Lid features vibrant hand-painted folk art floral motif — pink and red roses with green leaves and white accent blossoms ✦ Decorative red dot border runs along all edges, adding a classic country cottage touch ✦ Interior suitable for storing jewelry, keepsakes, or small treasures ✦ A lovely decorative piece in the folk art or Bauernmalerei tradition ✦ Pre-owned vintage condition — please view all photos carefully P",https://zicopeta53.github.io/go.html?id=4523093467,https://i.etsystatic.com/60918070/r/il/c771e2/8192957813/il_fullxfull.8192957813_4zhj.jpg,30.89 EUR,in stock,used,Stantique25
STQ-4523881129,Vintage Florentine Tray Set: Red Gold Ornate Plastic Serving Trays Made Italy,"Elegant set of two vintage Florentine-style decorative trays in striking red and gold. ✦ Set of 2 matching trays with ornate baroque relief pattern ✦ Classic Florentine style – red and gold colour combination ✦ Made in Italy – unused, old stock condition ✦ Made from plastic with detailed embossed floral and scroll motifs ✦ Scalloped edges with decorative side handles ✦ Perfect for display, serving or as a decorative accent piece Photos are part of the description and show measurements and detail",https://zicopeta53.github.io/go.html?id=4523881129,https://i.etsystatic.com/60918070/r/il/85722a/8166482784/il_fullxfull.8166482784_k350.jpg,45.44 EUR,in stock,used,Stantique25
STQ-4523737548,Vintage Ceramic Country Style 3-Piece Set Egg Plate Bundt Cake Mold Key Hook Holder Brown Glazed Rustic Farmhouse Decor,"Charming 3-piece vintage ceramic set in warm brown and amber tones, perfect for country-style, farmhouse or café décor. ✦ Oval egg serving plate with 10 individual egg cups and decorative rope-pattern border with hanging hole ✦ Small glazed ceramic Bundt/Gugelhupf cake mold with marbled brown and green glaze and ornate rim detail ✦ Ceramic key rack shaped like a decorative key with 4 hooks and embossed floral motif ✦ All three pieces feature a warm honey-amber and brown glaze typical of 1970s fo",https://zicopeta53.github.io/go.html?id=4523737548,https://i.etsystatic.com/60918070/r/il/31d7d3/8150654798/il_fullxfull.8150654798_q6b6.jpg,39.98 EUR,in stock,used,Stantique25
STQ-4523737360,Vintage Ceramic Wall Clock White Floral Folk Art Country Cottage Style Roman Numerals Plate Clock Working Condition,"Charming vintage ceramic wall clock in plate form with a scalloped white ceramic body. ✦ White ceramic plate-style wall clock with decorative scalloped edge ✦ Colorful hand-painted style folk art floral motifs in red, orange, blue and green ✦ Roman numeral dial with ornate black clock hands ✦ Country cottage / farmhouse style – wonderful decorative piece ✦ Clock mechanism is stated to be working ✦ A lovely vintage find for rustic or traditional home décor Photos are part of the description and s",https://zicopeta53.github.io/go.html?id=4523737360,https://i.etsystatic.com/60918070/r/il/7809e8/8150669620/il_fullxfull.8150669620_awxi.jpg,42.45 EUR,in stock,used,Stantique25
STQ-4523737376,Retro Brass Ceiling Pendant Light Fixture with Chain & Yellow Fabric Cable Vintage Mid-Century Hanging Lamp Working,"Charming retro pendant ceiling lamp with an aged brass-tone canopy and decorative metal chain. ✦ Fully working condition – tested and ready to install ✦ Brass-finish dome canopy with attractive patina ✦ Twisted yellow fabric-covered cable adds a classic retro touch ✦ Metal hanging chain in antique brass tone ✦ Great statement piece for vintage, mid-century or industrial interiors ✦ Shows natural age-related patina consistent with its era – adds to the character Photos are part of the description",https://zicopeta53.github.io/go.html?id=4523737376,https://i.etsystatic.com/60918070/r/il/95213a/8198621097/il_fullxfull.8198621097_f72h.jpg,65.75 EUR,in stock,used,Stantique25
STQ-4521221408,IKEA TOBIAS Chair Black Set of 2 – Transparent Polycarbonate Modern Design Dining Chair,"A pair of IKEA TOBIAS chairs in black – the iconic transparent polycarbonate dining chair that has become a design classic in its own right. Clean, versatile, and surprisingly elegant. ✦ Set of 2 matching chairs ✦ Color: Black / transparent ✦ Material: Polycarbonate (clear/tinted plastic) with chrome legs ✦ Stackable design – space-efficient storage ✦ Suitable for: dining room, kitchen, office, living room, hallway The TOBIAS chair's ghost-chair aesthetic works in virtually any interior – from m",https://zicopeta53.github.io/go.html?id=4521221408,https://i.etsystatic.com/60918070/r/il/6ee839/8134530594/il_fullxfull.8134530594_awpa.jpg,268.98 EUR,in stock,used,Stantique25
STQ-4522415963,Vintage Wooden Wall Clock 1960s 1970s Mid-Century Mantel Style Oak Roman Numerals Gold Tone Dial Retro Home Decor,"Charming vintage wooden clock from the 1960s–1970s, featuring a warm oak-toned wooden frame with a distinctive architectural column design. ✦ Square wooden case with protruding column details at each corner ✦ Gold-tone circular dial with Roman numerals and ornate gilt hands ✦ Classic mid-century style — perfect for retro or eclectic interiors ✦ Shows natural signs of age consistent with its vintage origin ✦ Functionality not guaranteed — sold as decorative piece or for restoration Photos are par",https://zicopeta53.github.io/go.html?id=4522415963,https://i.etsystatic.com/60918070/r/il/30393d/8145066180/il_fullxfull.8145066180_fjvi.jpg,48.87 EUR,in stock,used,Stantique25
STQ-4523102000,Vintage Wooden Toy Horse & Carriage on Wheels c.1950 | Colorful Pull Toy | Blue Red Yellow Farm Wagon | Mid-Century Folk Art,"Charming vintage wooden toy set consisting of a horse-drawn carriage — a classic mid-century pull toy dating to around 1950. ✦ Blue painted open wagon with red accents and turned wooden wheels with red ring detail ✦ Yellow cart/base section with a white toy horse figure featuring real hair mane and leather-style harness ✦ Bright primary colours — blue, red and yellow — with natural wood wheel hubs ✦ Shows honest age-related wear, paint patina and play marks consistent with circa 1950 origin ✦ A ",https://zicopeta53.github.io/go.html?id=4523102000,https://i.etsystatic.com/60918070/r/il/39467e/8147224050/il_fullxfull.8147224050_k88k.jpg,89.89 EUR,in stock,used,Stantique25
STQ-4522415899,Rare BMF Nagel 1970s Mid-Century Modern Gold-Plated Brass Palm Leaf Candleholder 10-Piece Modular Set,"Exceptionally rare and decorative modular candleholder by the renowned West German maker BMF Nagel, dating to the 1970s. ✦ 10-piece interlocking set in gold-plated brass ✦ Each element features an ornate sculpted palm leaf motif ✦ Pieces connect via ball-and-socket style links for flexible arrangement ✦ Classic Mid-Century Modern design with a luxurious, highly polished finish ✦ A true collector's statement piece for any vintage interior Photos are part of the description and show measurements a",https://zicopeta53.github.io/go.html?id=4522415899,https://i.etsystatic.com/60918070/r/il/93fcb8/8195066985/il_fullxfull.8195066985_t0fw.jpg,858.89 EUR,in stock,used,Stantique25
STQ-4522257120,Vintage Hand-Carved Wood Kuksa Cup – Scandinavian Nordic Folk Art Guksi Drinking Cup Carved Wooden Mug Collectible Rare,"A beautifully hand-carved wooden kuksa (guksi) drinking cup in the Nordic / Scandinavian folk-art tradition. Densely carved with geometric basket-weave and lattice patterns and a striking openwork triangular handle – a true one-of-a-kind piece of woodcraft. ✦ Hand-carved solid wood kuksa / guksi cup ✦ Nordic / Scandinavian folk art style ✦ Intricate geometric carving all over ✦ Openwork triangular handle ✦ Decorative collector's piece Lovely on a shelf, as a rustic display cup, or as a gift for ",https://zicopeta53.github.io/go.html?id=4522257120,https://i.etsystatic.com/60918070/r/il/9a6d73/8140596528/il_fullxfull.8140596528_4lvi.jpg,37.75 EUR,in stock,used,Stantique25
STQ-4522250725,Vintage Brass Umbrella Stand – Mid Century Atomic Space Age Hallway Decor,"A rare vintage umbrella stand in the atomic / space-age style of the 1950s–60s, in the manner of Carl Auböck. A slender golden brass-tone frame rises from a heavy black oval cast-iron base – a sculptural, minimalist Mid-Century silhouette that makes a real statement in any hallway or entryway. ✦ 1950s–60s Mid-Century / atomic space-age design ✦ In the style of Carl Auböck ✦ Golden brass-tone frame, heavy black oval cast-iron base ✦ Sculptural, minimalist silhouette ✦ Rare collector / designer de",https://zicopeta53.github.io/go.html?id=4522250725,https://i.etsystatic.com/60918070/r/il/52fbb9/8260523643/il_fullxfull.8260523643_9iq6.jpg,400.89 EUR,in stock,used,Stantique25
STQ-4522250689,Vintage Umbrella Stand Wood Black Metal Gold – Mid Century Space Age 1950s 60s Hallway Stand with Drip Tray Rare MCM,"A cool vintage umbrella stand from the 1950s–60s in true Mid-Century / space-age design – a black metal frame with golden trim, a warm wood slat panel and a white drip tray at the base. Approx. 60 cm tall. Highly decorative and practical: a rare statement piece for any hallway or entryway. ✦ 1950s–60s Mid-Century / space-age design ✦ Black metal frame with gold-tone trim ✦ Warm wood slat panel ✦ White drip tray at the base ✦ Approx. 60 cm tall – rare decorative MCM piece Condition: vintage, good",https://zicopeta53.github.io/go.html?id=4522250689,https://i.etsystatic.com/60918070/r/il/4cfb7f/8140483978/il_fullxfull.8140483978_d0mz.jpg,212.87 EUR,in stock,used,Stantique25
STQ-4522250641,Oriental Moroccan Brass Set of 8 – Vintage Teapot Cauldron Candlestick Dish & Mini Wool Kilim Rugs Bundle Decor Lot,"A wonderful oriental / Moroccan-style bundle of 8 vintage pieces – a ready-made collection for a boho, ethnic, or Middle-Eastern themed interior. Includes hand-worked brass items and charming mini wool kilim rugs (see all photos for the full set). ✦ Set of 8 pieces total ✦ Brass: teapot, cauldron/pot, candlestick, flower-form dish, pierced trivet (see photos) ✦ Mini wool kilim rugs / mats ✦ Warm oriental / Moroccan / boho character ✦ Great as a styled bundle for shelves, console, or coffee table",https://zicopeta53.github.io/go.html?id=4522250641,https://i.etsystatic.com/60918070/r/il/8b5f45/8189785029/il_fullxfull.8189785029_m3d0.jpg,99.98 EUR,in stock,used,Stantique25
STQ-4522257118,"Goebel Gustav Klimt Tealight Holders Set of 3 – The Kiss, Adele & Judith Artis Orbis Porcelain Votive Candle Holders","A beautiful set of 3 porcelain tealight / votive holders by Goebel (Artis Orbis series), each featuring an iconic Gustav Klimt masterpiece: ""The Kiss"", ""Adele Bloch-Bauer"" (Woman in Gold), and ""Judith"". Rich gold detailing on fine porcelain – a refined, collectible gift for any art lover. ✦ Maker: Goebel – Artis Orbis series ✦ Set of 3 porcelain tealight / votive holders ✦ Motifs: Gustav Klimt – The Kiss, Adele Bloch-Bauer, Judith ✦ Lavish gold decoration on fine porcelain ✦ Lovely as a set or d",https://zicopeta53.github.io/go.html?id=4522257118,https://i.etsystatic.com/60918070/r/il/37d237/8140588604/il_fullxfull.8140588604_aofq.jpg,69.98 EUR,in stock,used,Stantique25
STQ-4521222008,Metal Wire Basket Bowl with 2 Handles – Industrial Handmade Vintage Storage Display,"A beautifully handcrafted metal wire basket/bowl with two sturdy handles – a functional and decorative piece in the Industrial style that works equally well as a fruit bowl, bread basket, or storage display. ✦ Handmade metal wire construction ✦ Two handles for easy carrying ✦ Industrial / raw aesthetic ✦ Sturdy and stable ✦ Versatile: fruit bowl, bread basket, plant holder, storage Handmade wire baskets like this are increasingly sought for their honest materiality and artisanal character. They ",https://zicopeta53.github.io/go.html?id=4521222008,https://i.etsystatic.com/60918070/r/il/c19df8/8134537064/il_fullxfull.8134537064_sjns.jpg,25.00 EUR,in stock,used,Stantique25
STQ-4522250545,Antique Style Hand-Carved Solid Wood Wall Console Bracket Baroque Rococo Shell Cartouche Sculpture,"Stunning hand-carved solid wood wall console in the Baroque or Historicist style, featuring an elaborate shell cartouche design with scrolling acanthus-like flames and a central oval medallion. ✦ Richly carved all-around with shell motifs, flame scrolls, and a textured cartouche centre ✦ Two-tone natural wood finish with golden highlights and shadowed recesses giving an aged appearance ✦ Excellent condition — described as like new while retaining an antique aesthetic ✦ Ideal as a display shelf, ",https://zicopeta53.github.io/go.html?id=4522250545,https://i.etsystatic.com/60918070/r/il/9e6e1a/8192811183/il_fullxfull.8192811183_pp5r.jpg,227.98 EUR,in stock,used,Stantique25
STQ-4522250751,Vintage Maritime Inflatable Life Vest Orange – Nautical Ship Decor Lifejacket CO2 Empty Collectible Display Rare,"A genuine vintage maritime inflatable life vest (life jacket) in bright orange, with original strap and CO2 inflator mechanism. The CO2 cartridge is EMPTY / inert – this piece is offered strictly as decoration / a collectible display, NOT as functional safety equipment. Unused. A rare, characterful nautical accent for a wall, bar, boat-themed room, or maritime collection. ✦ Genuine maritime inflatable life vest – decorative ✦ Bright signal orange with strap ✦ CO2 inflator present – cartridge EMP",https://zicopeta53.github.io/go.html?id=4522250751,https://i.etsystatic.com/60918070/r/il/daa132/8142348274/il_fullxfull.8142348274_qc3c.jpg,199.89 EUR,in stock,used,Stantique25
STQ-4522250737,Vintage Ship's Lantern Anchor Light – Ahlemann & Schlatter Maritime Nautical Lamp Glass Lens Rare Boat Ship Decor,"A rare vintage ship's lantern (anchor light) by Ahlemann & Schlatter (Hanau, Germany) – a genuine maritime lamp with a sturdy metal body, protective cage, top carry handle and an intact glass lens. Wonderfully weathered, authentic patina. Offered as decoration. A real statement piece for a hallway, bar, boat-themed interior, or maritime collection. ✦ Maker: Ahlemann & Schlatter (Hanau, Germany) ✦ Genuine ship's lantern / anchor light ✦ Metal body with protective cage and carry handle ✦ Glass len",https://zicopeta53.github.io/go.html?id=4522250737,https://i.etsystatic.com/60918070/r/il/8a8547/8140462712/il_fullxfull.8140462712_sb1d.jpg,259.98 EUR,in stock,used,Stantique25
STQ-4521690006,Vintage Lufft Barometer Wood Case – German Aneroid Wall Barometer TIEF HOCH Nautical Maritime Decor Working 20cm,"A handsome vintage German aneroid wall barometer by Lufft, set in a deep, glossy dark wood case. The clear dial reads TIEF / HOCH (low / high) with a dual Millibar / Millimeter scale and ""compens."" temperature compensation. Approx. 20 cm diameter. A working instrument with classic maritime / nautical character. ✦ Maker: Lufft (Germany) ✦ Aneroid wall barometer, approx. 20 cm diameter ✦ Deep dark wood case, chrome bezel, glass front ✦ TIEF / HOCH dial, Millibar + Millimeter scale, temperature-com",https://zicopeta53.github.io/go.html?id=4521690006,https://i.etsystatic.com/60918070/r/il/623b2f/8139503036/il_fullxfull.8139503036_o1v3.jpg,34.89 EUR,in stock,used,Stantique25
STQ-4521217489,Gilde Candleholders Set of 2 Short & Tall – Patinated Green Gold Metal Vintage Pair,"A refined pair of Gilde candleholders in two heights – short and tall – with a beautifully patinated green and gold metal finish. An elegant, coordinated pair for any mantelpiece, dining table, or shelf. ✦ Brand: Gilde (Germany) ✦ Set of 2: one short + one tall candleholder ✦ Patinated green and gold metal finish ✦ For standard taper candles ✦ Sturdy metal construction Gilde is a well-known German decorative accessories brand, and their candleholders are popular for their quality finish and time",https://zicopeta53.github.io/go.html?id=4521217489,https://i.etsystatic.com/60918070/r/il/03948f/8182421709/il_fullxfull.8182421709_s8rs.jpg,45.97 EUR,in stock,used,Stantique25
STQ-4521221388,Vintage Wood Carved Wall Relief – Hand-Carved Figural Scene Two Figures Folk Art,"A beautiful hand-carved wooden wall relief depicting a figural scene with two people – a true example of European folk art craftsmanship. Each detail is carved by hand, making this a one-of-a-kind piece. ✦ Hand-carved solid wood ✦ Figural scene with two figures (detailed scene visible in photos) ✦ Relief carving with fine detail work ✦ Ready to hang – wall mounting hardware included or holes present ✦ Warm natural wood tones with patina Wood carvings like this were a proud tradition across Germa",https://zicopeta53.github.io/go.html?id=4521221388,https://i.etsystatic.com/60918070/r/il/135b2f/8182428367/il_fullxfull.8182428367_77ph.jpg,38.89 EUR,in stock,used,Stantique25
STQ-4521223090,Seltmann Weiden English Style Coffee Tea Set – 4 Cups Saucers 4 Cake Plates Vintage Bavaria,"A refined ""English Style"" coffee and tea service by Seltmann Weiden, one of Bavaria's most prestigious porcelain manufacturers – a set for 4 persons with classic English-inspired decoration. ✦ Manufacturer: Seltmann Weiden, Bavaria (Germany) ✦ Pattern: ""English Style"" ✦ Set for 4 persons ✦ English-inspired floral / decorative pattern ✦ Fully marked on the base Seltmann Weiden (founded 1901) is celebrated for producing high-quality Bavarian porcelain with excellent white body and fine decoration.",https://zicopeta53.github.io/go.html?id=4521223090,https://i.etsystatic.com/60918070/r/il/daa7d6/8182703967/il_fullxfull.8182703967_3m0j.jpg,65.00 EUR,in stock,used,Stantique25
STQ-4521216787,Mitterteich Bavaria Mocha Coffee Service – Elegant Vintage Bavarian Porcelain Set Germany,"A refined and elegant mocha/coffee service by Mitterteich, the esteemed Bavarian porcelain manufacturer – a beautiful example of classic German tableware craftsmanship. ✦ Manufacturer: Mitterteich, Bavaria (Germany) ✦ Complete mocha/coffee service – cups, saucers, sugar bowl, creamer (verify pieces in photos) ✦ Elegant decorative pattern ✦ Fine white porcelain with gold accents ✦ Fully marked on the base Mitterteich porcelain is synonymous with understated Bavarian elegance. Their coffee and moc",https://zicopeta53.github.io/go.html?id=4521216787,https://i.etsystatic.com/60918070/r/il/fc4255/8137860478/il_fullxfull.8137860478_jx0j.jpg,49.89 EUR,in stock,used,Stantique25
STQ-4521216209,Hutschenreuther Dresden Lorenz Sugar Bowl Creamer Cake Plate – Floral Vintage Porcelain Set,"A lovely partial coffee service set by Hutschenreuther, one of Germany's most prestigious porcelain manufacturers. This set includes a sugar bowl, milk/creamer jug, and cake plate, all in a delicate floral pattern. ✦ Manufacturer: Hutschenreuther, Dresden / Lorenz line ✦ Set includes: sugar bowl with lid, creamer/milk jug, cake plate ✦ Romantic floral decoration in soft colors ✦ Gold accent trim ✦ Fully marked on the base – see photos Hutschenreuther has been producing fine Bavarian porcelain si",https://zicopeta53.github.io/go.html?id=4521216209,https://i.etsystatic.com/60918070/r/il/a635c7/8182408401/il_fullxfull.8182408401_t6kh.jpg,48.79 EUR,in stock,used,Stantique25
STQ-4521216243,Rosenthal Yang by Fischer-Treyden Porcelain Plate – Cubist Modern Art Asiatica Vintage,"A distinctive collector's plate from Rosenthal's celebrated ""Yang"" series, designed by Elsa Fischer-Treyden – one of the 20th century's most innovative porcelain designers. The design merges Cubist abstraction with Asian-inspired motifs. ✦ Manufacturer: Rosenthal (Germany) ✦ Series: Yang – designed by Elsa Fischer-Treyden ✦ Cubist / abstract motif with Asiatica influence ✦ High-fired fine porcelain with brilliant glaze ✦ Fully marked on the base Elsa Fischer-Treyden (1901–1995) created numerous ",https://zicopeta53.github.io/go.html?id=4521216243,https://i.etsystatic.com/60918070/r/il/fb3014/8265148013/il_fullxfull.8265148013_h3ec.jpg,44.89 EUR,in stock,used,Stantique25
STQ-4521217981,Large Cross-Stitch Embroidery – Historic Street Scene Premium Wood Frame Vintage Textile Art,"A large and impressive cross-stitch embroidery depicting a historic street scene, presented in a quality wood frame – a masterwork of patience and skill that deserves a prominent place on any wall. ✦ Large format – substantial wall presence ✦ Cross-stitch embroidery – hundreds of hours of handwork ✦ Historic street / old town scene ✦ Premium quality wood frame ✦ Ready to hang Cross-stitch embroideries of this size and detail represent a level of craftsmanship rarely seen in today's mass-produced",https://zicopeta53.github.io/go.html?id=4521217981,https://i.etsystatic.com/60918070/r/il/da86d5/8134526280/il_fullxfull.8134526280_8wq6.jpg,98.89 EUR,in stock,used,Stantique25
STQ-4521690186,Black Forest Hand-Carved Wood Figure - Farmer with Shovel Schwarzwald German Folk Art Sculpture,"This finely hand-carved wooden figure depicts a traditional German farmer in a dynamic working pose, leaning into a shovel with expressive detail. The carving shows confident detail in the facial features - including a rendered expression and mustache - as well as clearly articulated clothing folds, boots, and the physical tension of the working figure. The natural wood is unpainted, revealing the warm grain throughout and the quality of the carving. This style is consistent with the folk art ca",https://zicopeta53.github.io/go.html?id=4521690186,https://i.etsystatic.com/60918070/r/il/85960b/8182979937/il_fullxfull.8182979937_rji4.jpg,29.89 EUR,in stock,used,Stantique25
STQ-4521683707,Vintage 1970s Space Age Clamp Spotlight - Brown Gold Plastic Adjustable Retro Reading Lamp,"This retro 1970s space age clamp spotlight is a bold example of mid-century European design, combining a dark brown hard-plastic body with a cylindrical gold-tone metallic reflector and clear glass lens. The articulated clamp base allows the head to be tilted and directed with precision, making it as functional as it is visually distinctive. The lamp is fitted with its original brown cable and an inline switch for easy control. It is reported to be in full working order. No brand or manufacturer",https://zicopeta53.github.io/go.html?id=4521683707,https://i.etsystatic.com/60918070/r/il/112068/8182979747/il_fullxfull.8182979747_43mw.jpg,39.89 EUR,in stock,used,Stantique25
STQ-4521217976,Raul da Bernarda RB Alcobaca Portuguese Ceramic Fruit Bowl – Handpainted Colorful Vintage,"A charming handpainted ceramic fruit bowl by Raúl da Bernarda, marked ""RB Alcobaça"" — a renowned Portuguese pottery tradition. The bowl features a vibrant, colorful fruit motif typical of the Alcobaça region, painted by hand with expressive detail and cheerful colors. Alcobaça ceramics are celebrated for their bold, folk-art-inspired decoration and high-quality earthenware. This piece is both a functional bowl and a collectible work of art from Portugal's ceramic heritage. Condition: Used — good",https://zicopeta53.github.io/go.html?id=4521217976,https://i.etsystatic.com/60918070/r/il/3f5277/8179423393/il_fullxfull.8179423393_3c1h.jpg,39.89 EUR,in stock,used,Stantique25
STQ-4521690142,Vintage Oriental Brass Set 6 Pieces with Wool Rug - Turkish Kilim Copper Metal Home Decor,"This impressive vintage Oriental set comprises seven authentic pieces - six brass and copper metal objects and one hand-woven wool rug - assembled as a cohesive decorative grouping. The metal pieces include a large brass planter with handles, a slim long-necked vase, a shell-shaped decorative tray, two pierced filigree brass vessels with openwork floral cutwork, and a round lidded brass box with matching pierced detailing. The small wool rug features a traditional geometric diamond pattern in re",https://zicopeta53.github.io/go.html?id=4521690142,https://i.etsystatic.com/60918070/r/il/968502/8183100997/il_fullxfull.8183100997_a8na.jpg,149.87 EUR,in stock,used,Stantique25
STQ-4521690268,Antique Barometer Clock Thermometer Wall Station - Oak Wood 3-in-1 German Weather Instrument,"This vintage 3-in-1 wall weather station combines a barometer, clock, and thermometer in a warm oak-toned wooden case in the classic German banjo style. The triangular pediment top with brass finial adds an elegant decorative detail while the three instruments are clearly arranged vertically along the body. The barometer dial displays traditional German weather scale markings and is reported to be fully functional. The Roman-numeral clock face is in working order. The Celsius thermometer in the ",https://zicopeta53.github.io/go.html?id=4521690268,https://i.etsystatic.com/60918070/r/il/c6ed8a/8135083748/il_fullxfull.8135083748_359a.jpg,50.00 EUR,in stock,used,Stantique25
STQ-4456879846,Kaiser Lidded Box 13cm Floral Motif Gold Decor – Bavaria Vintage Porcelain Collectible,"A Kaiser porcelain lidded box, approx. 13 cm in diameter. The white body is decorated with an orange and green floral motif accented with fine gold detailing; the lid carries the same floral design and is finished with a decorative knob. Perfect as a small jewelry box, bonbonnière, tea bag holder, or decorative shelf piece. Sold as shown — includes lid only, no additional accessories. Very good condition with light age-related wear. Photos are part of the description and show measurements and de",https://zicopeta53.github.io/go.html?id=4456879846,https://i.etsystatic.com/60918070/r/il/bd54b9/8099850263/il_fullxfull.8099850263_jmly.jpg,25.00 EUR,in stock,used,Stantique25
STQ-4521210317,Marienbad Ingres White Blue Onion Pattern Coffee Service 6 Persons 15-Piece – Vintage Porcelain,"A beautiful 15-piece vintage porcelain coffee service for 6 persons in the classic Zwiebelmuster (Blue Onion) pattern — a timeless European design beloved by collectors worldwide. The ""Marienbad Ingres"" form is elegant and refined, making this an ideal set for display or daily use. Service includes: 6 coffee cups, 6 saucers, sugar bowl with lid, creamer, and serving plate (15 pieces total). The Blue Onion pattern is one of the most iconic motifs in European porcelain history, originating in the ",https://zicopeta53.github.io/go.html?id=4521210317,https://i.etsystatic.com/60918070/r/il/1621bc/8179544909/il_fullxfull.8179544909_kiek.jpg,125.00 EUR,in stock,used,Stantique25
STQ-4520966736,Antique Wooden Snowshoes Pair Gebirgsjager Mountain Troop Style - Bentwood Frame Rope Lacing Metal Plate Military Collectible Decor,"A genuine antique pair of oval bentwood snowshoes (Schneereifen) of the type used by alpine mountain troops, the German Gebirgsjager. Each shoe has a steam-bent wooden frame strung with rope-cord webbing and a central metal foot plate where the boot was secured with rope bindings. They are most likely from the early 20th century; the exact date and unit are not documented and no maker's mark is visible, so they are offered with this honest, undated attribution. The pair shows heavy authentic age",https://zicopeta53.github.io/go.html?id=4520966736,https://i.etsystatic.com/60918070/r/il/bddcc5/8130761462/il_fullxfull.8130761462_b4v6.jpg,298.87 EUR,in stock,used,Stantique25
STQ-4520949768,Antique Hand Crank Butter Churn Cream Whipper - Cast Iron Wood Handle Primitive Farmhouse Kitchen Decor Collectible,"Antique hand-crank butter churn and cream whipper in cast iron, a charming piece of primitive farmhouse kitchen history. Turning the wooden-handled crank drives an exposed cast-iron gear train, which in turn spins the wire beater (dasher) mounted beneath the ribbed metal lid. It is a wonderful decorative and collectible object that captures the ingenuity of early hand-powered kitchen tools. The piece carries a heavy, authentic patina with age-related surface rust across the iron mechanism and th",https://zicopeta53.github.io/go.html?id=4520949768,https://i.etsystatic.com/60918070/r/il/04c5d3/8177531365/il_fullxfull.8177531365_dyea.jpg,69.87 EUR,in stock,used,Stantique25
STQ-4519714396,Vintage Hand Mirror – Ornate Cast Metal Frame & Antique Embroidered Textile Back Rare Collectible,"An exceptionally beautiful vintage hand mirror — a rare and refined piece that stands out for its craftsmanship and character. The front features a clear mirror glass set in an ornate cast metal frame, richly detailed with embossed floral and scroll ornamentation across both the frame and the long decorative handle. The metal carries a warm dark patina with golden highlights, giving the piece an unmistakably elegant, aristocratic appearance. The back is what truly sets this mirror apart: the ent",https://zicopeta53.github.io/go.html?id=4519714396,https://i.etsystatic.com/60918070/r/il/92c514/8120989200/il_fullxfull.8120989200_jzgm.jpg,118.79 EUR,in stock,used,Stantique25
STQ-4520031766,Nagel BMF Candle Holder Set of 6 Stoff Stecksystem with Vase and Dish - Mid-Century Chrome Modular Candelabra German 1960s,"Nagel BMF Stecksystem set in polished chrome, designed by Werner Stoff in 1960s Germany, comprising six modular candle holder elements together with the rare Stecksystem vase insert and the matching Stecksystem dish. Each element clicks and stacks onto the next, so the pieces can be built into a tower, stretched into a long centrepiece, or arranged individually across a table. The vase element and the round dish are the hardest parts of the system to find, making this a genuine rarity for seriou",https://zicopeta53.github.io/go.html?id=4520031766,https://i.etsystatic.com/60918070/r/il/9e1733/8123478646/il_fullxfull.8123478646_s35n.jpg,1248.98 EUR,in stock,used,Stantique25
STQ-4519700167,Vintage Marlboro Belt & Bear Head Snap Buckle Belt – 2-Piece Western Leather Collector Set Rare,"A rare two-piece set of heavy vintage leather belts — each with its own distinctive collector buckle. Sold together as a matched lot. Belt 1 – Marlboro Cattle Drive Belt Black leather strap with a large rectangular silver-tone buckle featuring the iconic ""Marlboro"" name and an engraved Western cattle drive scene — cowboys on horseback herding cattle across an open range. A classic piece of American tobacco advertising memorabilia, actively sought by Western and Americana collectors worldwide. Be",https://zicopeta53.github.io/go.html?id=4519700167,https://i.etsystatic.com/60918070/r/il/5790a7/8130846366/il_fullxfull.8130846366_8nsc.jpg,79.89 EUR,in stock,used,Stantique25
STQ-4519684535,Vintage Table Lamp – Rare Burl Root Wood Base Glass Shade Small Elegant Retro Collectible,"A rare and finely crafted vintage table lamp with a striking natural burl/root wood base. The organic, sculptural grain of the burl wood gives this piece a completely individual character — no two are alike. The glass shade completes the look with elegant simplicity. Small, delicate, and beautifully made, this lamp is a rare find for collectors and lovers of natural materials and quality vintage craftsmanship. Very good vintage condition — no notable defects. Shows light age-related patina consi",https://zicopeta53.github.io/go.html?id=4519684535,https://i.etsystatic.com/60918070/r/il/0cc950/8185770039/il_fullxfull.8185770039_5v04.jpg,75.00 EUR,in stock,used,Stantique25
STQ-4519116184,Nagel BMF Candle Holder Stoff Stecksystem - Mid-Century Chrome Modular Candelabra 6 Arm German Space Age 1960s,"Nagel BMF Stecksystem candle holder set, designed by Werner Stoff in Germany, featuring three interlocking modular elements in polished chrome resting on a weighted pedestal base. The patented click-and-stack system lets each element lock together, so the arrangement can be reconfigured into countless sculptural forms. Each module holds two taper candles, giving this configuration six candle positions in total. The mirror-polished chrome surface reflects light beautifully and captures the space ",https://zicopeta53.github.io/go.html?id=4519116184,https://i.etsystatic.com/60918070/r/il/2bfe5c/8123523358/il_fullxfull.8123523358_crdu.jpg,549.87 EUR,in stock,used,Stantique25
STQ-4509735114,Vintage Brass Letter Holder Brown Leatherette – Mid Century Desk Organizer Document Holder Retro Office,"Mid-Century Modern letter and document holder from the 1960s–70s, featuring two elegantly curved polished brass arms rising from a structured dark brown leatherette base. A refined desk accessory that keeps letters, documents, business cards, and notes neatly organized while adding genuine retro character to any workspace or home office. The brass retains a lovely shine; the leatherette base shows only minimal signs of age-typical use. In very good, well-preserved vintage condition throughout. P",https://zicopeta53.github.io/go.html?id=4509735114,https://i.etsystatic.com/60918070/r/il/313cd9/8185769791/il_fullxfull.8185769791_m82b.jpg,30.00 EUR,in stock,used,Stantique25
STQ-4519109111,Vintage Cobalt Blue Ceramic Cat Figurines Set of 2 – Mid Century Studio Pottery Retro Animal Decor,"Pair of vintage ceramic cat figurines in a minimalist Mid-Century studio pottery style, finished in a deep luminous cobalt blue glaze that gives each piece striking depth and elegance. The set is designed as a complementary duo: one cat gazes upward, the other looks downward — together forming a harmonious pair perfect for a shelf, sideboard, or windowsill. The glossy glaze is intact and no visible cracks or chips are present. In very good vintage condition with light age-related wear typical fo",https://zicopeta53.github.io/go.html?id=4519109111,https://i.etsystatic.com/60918070/r/il/da55d6/8164694257/il_fullxfull.8164694257_5d62.jpg,40.00 EUR,in stock,used,Stantique25
STQ-4518586110,Vintage Brass Birds on Wood Base Sculpture – Mid Century Brass Bird Pair Figurine Retro Home Decor,"Mid-Century Modern sculpture of a stylized bird pair, cast in solid polished brass and mounted on a natural solid wood base. The minimalist, flowing design captures the movement and energy of the two birds with quiet elegance — equally at home on a sideboard, bookshelf, or desk. The brass carries a beautiful soft patina that collectors prize, without losing its warm original shine. Very good vintage condition with light age-related wear typical for its era. A must-have for fans of 1960s–70s retr",https://zicopeta53.github.io/go.html?id=4518586110,https://i.etsystatic.com/60918070/r/il/6d6a5a/8160936933/il_fullxfull.8160936933_pekv.jpg,25.00 EUR,in stock,used,Stantique25
STQ-4422335140,Vintage Mexico Tonala Duck Brass Ceramic Figurine – Handmade Mexican Folk Art Bird Decor Mid Century,"Rare handcrafted decorative duck figurine in the traditional Mexican Tonalá style, combining a fine ceramic/clay body with polished brass overlay detailing on the body, beak, and eyes. The hand-painted surface and precisely inlaid metalwork display the characteristic floral and geometric patterns that make Tonalá folk art celebrated worldwide. The brass elements carry a wonderful age patina that enhances the authentic retro character. Very good used vintage condition, undamaged. A standout piece",https://zicopeta53.github.io/go.html?id=4422335140,https://i.etsystatic.com/60918070/r/il/0800a7/8113071690/il_fullxfull.8113071690_bghc.jpg,27.00 EUR,in stock,used,Stantique25
STQ-4453964715,Seltmann Weiden Coffee Service for 6 – Vintage Floral Porcelain Set Germany,"Complete Seltmann Weiden coffee service for 6 persons from the renowned Weiden/Bavaria porcelain tradition, decorated with a charming vintage floral pattern. Seltmann Weiden is one of Germany's most respected porcelain manufacturers, known for consistently high-quality production. Shows light age-related wear and minor signs of use typical for its era — small irregularities in glaze, décor, or form, as well as cutlery marks or light scratches, are normal for vintage pieces and part of their auth",https://zicopeta53.github.io/go.html?id=4453964715,https://i.etsystatic.com/60918070/r/il/6124ae/8265112975/il_fullxfull.8265112975_l7ij.jpg,95.00 EUR,in stock,used,Stantique25
STQ-4453952732,Antique Brass Scissor Candle Snuffer – Victorian Style Brass Extinguisher Vintage Fireplace Decor,"Unusual solid brass candle snuffer designed in the form of scissors with decoratively curved handles, in a classic Victorian fireplace and candlestick accessory style. The front chamber clamps down to safely extinguish the wick, while the pointed end is designed for trimming and collecting wick remnants — a fully functional antique tool with genuine decorative appeal. The surface shows typical age-related wear and a beautiful even patina consistent with its era. An ideal accent piece on a mantel",https://zicopeta53.github.io/go.html?id=4453952732,https://i.etsystatic.com/60918070/r/il/e28053/8100566498/il_fullxfull.8100566498_ncqc.jpg,25.00 EUR,in stock,used,Stantique25
STQ-4381654485,Heavy Cast Iron Clock Sign 3.5kg – Relief Scene Roman Numerals Vintage Wall Decor Antique Plaque,"Massive cast iron clock face weighing approximately 3.5 kg, featuring a richly detailed relief scene across the upper section — a rural motif with a horse-drawn wagon and figures — and a large dial ring with Roman numerals below. A center bore provides the opening for clockwork installation, making this an excellent candidate for upcycling, restoration, or use as a striking piece of industrial wall decor. The rectangular tablet has a rounded gable and presents a solid, commanding wall presence. ",https://zicopeta53.github.io/go.html?id=4381654485,https://i.etsystatic.com/60918070/r/il/e3a4d9/7306791723/il_fullxfull.7306791723_6l5z.jpg,140.00 EUR,in stock,used,Stantique25
STQ-4453663236,Delft Blue White Red Pitcher Jug – Vintage Holland Ceramic Dutch Pottery Collectible Decor,"Vintage Dutch ceramic pitcher jug in the classic Delft style, featuring the iconic blue, white, and red color scheme traditional to Holland pottery. Hand-painted Delft-inspired decoration with the characteristic windmill and landscape motifs that have made Dutch folk ceramics a beloved collector's category worldwide. Shows light age-related wear and minor signs of use typical for its era. A charming piece for a Dutch pottery collection, farmhouse kitchen display, or as a decorative accent with g",https://zicopeta53.github.io/go.html?id=4453663236,https://i.etsystatic.com/60918070/r/il/cf3f33/7683445588/il_fullxfull.7683445588_sdpc.jpg,30.00 EUR,in stock,used,Stantique25
STQ-4457528553,Vintage Space Age Kitchen Scale 1970s – Pyramid Shape Yellow Cream Retro Pop Art Mid Century Design,"A standout piece of 1970s design: a futuristic cone-shaped kitchen scale in the unmistakable Space Age/Pop Art style. With its sculptural, near-pyramidal form and a gracefully curved transparent weighing bowl, this piece is far more than a kitchen tool — it is a genuine design object for collectors and enthusiasts of the era. The housing is finished in a classic cream-yellow/vanilla tone of the period, paired with a beautifully designed analog dial. A rare find for fans of 70s design, equally at",https://zicopeta53.github.io/go.html?id=4457528553,https://i.etsystatic.com/60918070/r/il/861b3f/8108623744/il_fullxfull.8108623744_1t7n.jpg,50.00 EUR,in stock,used,Stantique25
STQ-4517966811,Hostess Tableware Olde Country Castles Plates Set of 5 – Red Pink Transferware England Ironstone Vintage,"Set of 5 classic English dinner plates by Hostess Tableware (British Anchor / Staffordshire), decorated in the iconic ""Olde Country Castles"" pattern — a richly detailed British landscape with castle scene rendered in the classic red/pink transferware style, framed by a typically curved floral relief border. Made from high-quality, durable English Ironstone. Perfect for everyday country house charm or as a stylish addition to a collection of English transferware. Shows light age-related wear typi",https://zicopeta53.github.io/go.html?id=4517966811,https://i.etsystatic.com/60918070/r/il/10d518/8108576070/il_fullxfull.8108576070_cm20.jpg,70.00 EUR,in stock,used,Stantique25
STQ-4517933410,Vintage Country Decor Set – Rustic Brocante Lot Shabby Chic Garden Terrace Café French Style,"A charming curated vintage set for lovers of the authentic farmhouse and Brocante aesthetic. Each piece has been lovingly selected to work together as a cohesive decorative arrangement — perfect for a garden, terrace, windowsill, boutique, café, or restaurant setting. Every item has its own character and history. Please note: none of these pieces are new or pristine — signs of use, patina, and small imperfections are part of the appeal and exactly what makes these objects so full of character. P",https://zicopeta53.github.io/go.html?id=4517933410,https://i.etsystatic.com/60918070/r/il/d505fd/8156252727/il_fullxfull.8156252727_7y1u.jpg,99.00 EUR,in stock,used,Stantique25
STQ-4517930171,Vintage Country Decor Set II – Rustic Brocante Lot Shabby Chic Garden Terrace French Farmhouse Style,"A charming curated vintage set for lovers of the authentic farmhouse and Brocante aesthetic. Each piece has been lovingly selected to work together as a cohesive decorative arrangement — perfect for a garden, terrace, windowsill, boutique, café, or restaurant setting. Every item has its own character and history. Please note: none of these pieces are new or pristine — signs of use, patina, and small imperfections are part of the appeal and exactly what makes these objects so full of character. P",https://zicopeta53.github.io/go.html?id=4517930171,https://i.etsystatic.com/60918070/r/il/b6e81f/8156210975/il_fullxfull.8156210975_4qco.jpg,99.00 EUR,in stock,used,Stantique25
STQ-4517925571,Vintage Space Age Barometer Smoked Glass Triangle 1960s 70s – Weather Station Mid Century Design,"Retro table barometer in a striking Space Age design from the 1960s–70s. The meteorological instrument is set into an elegant tinted glass or acrylic disc in a distinctive rounded triangular form, framed by a brass-colored housing ring. The minimalist dial features classic Mid-Century graphics with stylized sun and rain symbols, capturing the spirit of the era beautifully. Equally functional as a weather instrument and striking as a design object on a desk, shelf, or mantelpiece. Shows light age",https://zicopeta53.github.io/go.html?id=4517925571,https://i.etsystatic.com/60918070/r/il/5f99d3/8173866533/il_fullxfull.8173866533_qes8.jpg,60.00 EUR,in stock,used,Stantique25
STQ-4517923677,"Alexanderwerk Meat Grinder No. 5 – Cast Iron Wood Handle Crank, Fully Functional Vintage Kitchen","Original Alexanderwerk meat grinder in size No. 5 — a genuine classic of German kitchen history. Made from solid tinned cast iron with the typical bench clamp for stable table mounting and a hand crank fitted with a real wood handle. Alexanderwerk has stood for generations as a symbol of uncompromising quality and durability. Fully functional: ideal for traditional home cooking, from minced meat to Spritzgebäck pastry dough. A piece of German craft heritage that still works exactly as intended. ",https://zicopeta53.github.io/go.html?id=4517923677,https://i.etsystatic.com/60918070/r/il/924f6f/8108261422/il_fullxfull.8108261422_hhxg.jpg,40.00 EUR,in stock,used,Stantique25
STQ-4517921411,"Vintage Marble Salt & Pepper Mill – Real Stone White Gray Veined, Functional Kitchen Grinder Decor","Elegant heavy spice grinder — ideal as a salt or pepper mill — carved from solid real marble. The beautiful classic curved silhouette and the unique natural veining in white and gray tones make this as much a decorative object as a functional kitchen tool. A metal knurled nut at the top allows the grinding mechanism to be adjusted and locked. In very good, fully functional condition. Solid, weighty, and built to last — a refined addition to any kitchen counter or dining table. Photos are part of",https://zicopeta53.github.io/go.html?id=4517921411,https://i.etsystatic.com/60918070/r/il/7d8861/8108243604/il_fullxfull.8108243604_kc2p.jpg,45.00 EUR,in stock,used,Stantique25
STQ-4517510392,Florentine Wall Lamp Hand-Carved Wood 2-Arm – Candle Style Shabby Chic Antique Wall Light Functional,"Exceptionally beautiful two-arm wall lamp in the classic Florentine style, with a hand-carved wooden back panel featuring delicate floral ornamentation. The light, charming Shabby Chic finish allows the fine carving detail and natural wood grain to show beautifully through the chalk-painted surface. Two curved lamp arms lead to candle-style sockets, giving the piece an elegant, old-world character. A refined statement piece for a hallway, bedroom, or living room in a classic, vintage, or country",https://zicopeta53.github.io/go.html?id=4517510392,https://i.etsystatic.com/60918070/r/il/3cc741/8113079368/il_fullxfull.8113079368_snrq.jpg,99.00 EUR,in stock,used,Stantique25
STQ-4517426140,Vintage Copper Watering Can Small Indoor – Handcrafted Strong Patina Antique Metal Decor,"Original antique indoor watering can in genuine copper, in a characterful vintage design. The small can features a minimalist cylindrical body, an elegantly curved long spout for precise watering, and a slender arched handle. The piece carries a very strong, deep dark age patina developed over decades — giving it a wonderful, earthy warmth. Fully functional as a watering can for succulents and indoor plants, or equally striking as a standalone decorative object on a shelf or windowsill. Photos a",https://zicopeta53.github.io/go.html?id=4517426140,https://i.etsystatic.com/60918070/r/il/09c971/8104770038/il_fullxfull.8104770038_lxic.jpg,25.00 EUR,in stock,used,Stantique25
STQ-4517370700,Vintage Copper Vase with Wrought Iron Handles – Hammered Handcrafted 21cm Antique Metal Home Decor,"Substantial handled vase in genuine copper with a hand-hammered bulbous body in a rich hammer-stroke texture, set off by contrasting dark wrought iron handles on either side. Standing approximately 21 cm tall, it has a solid, stable base and a strong, sculptural presence. The copper surface has developed a beautiful natural patina over time. An excellent choice as a rustic flower vase or a standalone decorative object on a mantelpiece, shelf, or side table. Photos are part of the description and",https://zicopeta53.github.io/go.html?id=4517370700,https://i.etsystatic.com/60918070/r/il/0371f7/8152261351/il_fullxfull.8152261351_p8sg.jpg,30.00 EUR,in stock,used,Stantique25
STQ-4517372459,Oriental Copper Coffee Pot Tea Kettle – Brass Copper Handcrafted Antique Style Vintage Decor,"Beautiful oriental-style pot in solid copper with an artfully cast handle in brass or bronze. The traditional form features a hinged lid and fine hand-hammered ornaments and patterns worked into the body. The piece carries a pronounced dark age patina that perfectly underscores the rustic vintage character and historical aesthetic. Equally striking as an unusual flower vase, grouped with other copper objects, or as a standalone conversation piece. Shows light age-related wear typical for its era",https://zicopeta53.github.io/go.html?id=4517372459,https://i.etsystatic.com/60918070/r/il/6bef66/8152246371/il_fullxfull.8152246371_cis9.jpg,30.00 EUR,in stock,used,Stantique25
STQ-4426156021,Royal Sphinx Maastricht Delft Wall Plate – Blue White Dutch Ceramic Large Floral Pattern Vintage,"Decorative wall plate by the renowned Dutch manufactory Royal Sphinx Maastricht, in the classic Delft blue-and-white style. The center features a fine, detailed flower basket motif surrounded by an elegant curved border on a characteristically wavy rim. The original manufacturer's stamp is well-preserved on the back, complete with origin marking and a hanging cord for immediate display. A genuine piece from one of Holland's most respected ceramic makers — a beautiful addition to any Delft collec",https://zicopeta53.github.io/go.html?id=4426156021,https://i.etsystatic.com/60918070/r/il/200b5d/8152303323/il_fullxfull.8152303323_tk2d.jpg,35.00 EUR,in stock,used,Stantique25
STQ-4517034588,Vintage Black Forest Wood Carving Man Under Mushroom – Hand-Carved Large Figure Rustic German Folk Art,"Impressive traditional Black Forest figure hand-carved from solid wood, depicting a sleeping or resting man taking shelter beneath a large, prominent mushroom. The characteristic rough chip-carving technique gives the sculpture wonderful three-dimensional texture and depth, underscoring the genuine handcraft character of the piece. The natural untreated wood surface reveals the fine grain and individual carving marks that make each piece unique. A striking and collectible example of authentic Ge",https://zicopeta53.github.io/go.html?id=4517034588,https://i.etsystatic.com/60918070/r/il/7ff8f2/8161005389/il_fullxfull.8161005389_toqa.jpg,92.00 EUR,in stock,used,Stantique25
STQ-4516496572,"Tall Hammered Copper Pitcher – Conical Form, Geometric Handle, Vintage, approx. 28 cm",Slender conical copper pitcher with pronounced hammer-stroke decoration and a geometric flat handle. The unusual silhouette — wide at the top rim and strongly tapering toward the base — makes this a distinctive decorative object. Approximately 27–28 cm tall. No visible maker's mark. Shows light age-related wear and age-appropriate patina; a small oxidation spot is present at the lower body — please examine the photos carefully. Intended for decorative use only. Photos are part of the description,https://zicopeta53.github.io/go.html?id=4516496572,https://i.etsystatic.com/60918070/r/il/06119f/8152260323/il_fullxfull.8152260323_7x3g.jpg,35.00 EUR,in stock,used,Stantique25
STQ-4516500485,"Antique Copper Pitcher – Handcrafted, Ribbed Body, Scalloped Spout, Oriental Style","Small copper pot in an orientally-influenced handcraft form, with a ribbed body, decorative banding around the neck, and a scalloped spout. Please note: the riveted handle shows damage at its lower attachment point — the metal is bent there; please examine the photos carefully before purchasing. Strong age-appropriate dark patina over the entire piece, with verdigris present at the spout and neck. No visible maker's mark. Approximately 12–14 cm tall. Intended for decorative use only. Photos are ",https://zicopeta53.github.io/go.html?id=4516500485,https://i.etsystatic.com/60918070/r/il/5afa9f/8145956287/il_fullxfull.8145956287_58pw.jpg,25.00 EUR,in stock,used,Stantique25
STQ-4448786590,SKS Design Solid Copper Creamer Pot – Hammered Vintage Decor 15cm Handcrafted Collectible,"Small solid copper creamer pot by SKS Design, in the decorative handcraft style typical of the 1970s–80s. The bulbous body has a narrow neck, a curved handle, and a flared pouring lip. The exterior features a circumferential hammer-stroke pattern and stamped circular ornaments at the lower body. The original manufacturer's label is still in place. Approximately 14–15 cm tall. Shows light age-related wear and age-appropriate patina. Photos are part of the description and show measurements and det",https://zicopeta53.github.io/go.html?id=4448786590,https://i.etsystatic.com/60918070/r/il/b29913/8145948957/il_fullxfull.8145948957_i0jh.jpg,35.00 EUR,in stock,used,Stantique25
STQ-4475606149,LEGO Storage Brick 8 Stud Green – Officially Licensed Plastic Building Block Storage Box Collectible,"Original LEGO Storage Brick in the 8-stud format — a two-part box with a removable lid designed in the iconic building-block style. The lid is lime green, the box dark green; both parts feature the embossed LEGO lettering on every stud. A side grip cutout makes it easy to open and close. An officially licensed LEGO product — not a third-party reproduction. Shows light signs of use. Ideal for storing LEGO bricks, desk accessories, or as a display piece for fans and collectors. Photos are part of ",https://zicopeta53.github.io/go.html?id=4475606149,https://i.etsystatic.com/60918070/r/il/430679/8095639634/il_fullxfull.8095639634_o49x.jpg,20.00 EUR,in stock,used,Stantique25
STQ-4450173534,Vintage Vanity Mirror Wood Rotating – Makeup Mirror Retro Design Tabletop Dressing Mirror,"Vintage wooden vanity mirror in a classic retro design. A round mirror glass sits in a swivelling wooden frame on a sturdy stand, so the mirror can be tilted to any angle — ideal for the bathroom, bedroom, or dressing table. A decorative and fully usable piece. In used vintage condition with light handling marks and natural patina on the wood typical for its age. Photos are part of the description and show measurements and details. Please examine them carefully — they reflect the item's conditio",https://zicopeta53.github.io/go.html?id=4450173534,https://i.etsystatic.com/60918070/r/il/99ec7b/7708619077/il_fullxfull.7708619077_p5dp.jpg,125.00 EUR,in stock,used,Stantique25
STQ-4450170214,Vintage Table Lamp Oil Lamp Style – Metal Base Milk Glass Shade Retro Lighting Antique Look,"Beautiful table lamp styled after a classic oil / petroleum lamp, with a metal base and a large white milk-glass shade, plus a glass cylinder / chimney on top for the authentic double-glass look (as pictured). Very decorative as mood lighting on a sideboard, nightstand, or in the living area. In very good condition with light, ordinary wear and patina on the metal. Supplied as shown, without bulb. Photos are part of the description and show measurements and details. Please examine them carefully",https://zicopeta53.github.io/go.html?id=4450170214,https://i.etsystatic.com/60918070/r/il/3d417f/7660642856/il_fullxfull.7660642856_swz7.jpg,50.00 EUR,in stock,used,Stantique25
STQ-4450168141,Vintage Needlepoint Tapestry Lady Reading – Framed Gobelin Cross-Stitch 1969 70 Retro Wall Art,"Charming vintage needlepoint / gobelin tapestry from around 1969–70 (per previous owner). The motif shows an elegant lady in profile reading, in historical dress, worked in warm tones in a gobelin / cross-stitch style. It comes already framed in a decorative gold and beige frame — ideal for vintage, cottage, or country interiors, or as a collectible piece of 1960s–70s needlework. In very good condition with light, ordinary wear possible on the frame. Photos are part of the description and show m",https://zicopeta53.github.io/go.html?id=4450168141,https://i.etsystatic.com/60918070/r/il/935947/7708596875/il_fullxfull.7708596875_gfmh.jpg,75.00 EUR,in stock,used,Stantique25
STQ-4450167513,Set of 3 Framed James Pollard Coaching Scenes Prints – Engraved by G. Reeves Horse Carriage Hyde Park Wall Art,"Set of 3 framed James Pollard prints (engravings), engraved by G. Reeves. These classic ""Coaching Scenes"" depict horse-drawn carriages, including a Hyde Park motif (as captioned on the prints). Very decorative in an English country style — perfect for a study, hallway, or living room, or as a collector's piece for horse and carriage themes. Set contents: 3 framed engravings (as pictured), in frames with green mounts and glass. In used condition with signs of wear on the frames, glass, and mounts",https://zicopeta53.github.io/go.html?id=4450167513,https://i.etsystatic.com/60918070/r/il/19b491/7708591765/il_fullxfull.7708591765_9tvm.jpg,175.00 EUR,in stock,used,Stantique25
STQ-4450162913,Retro Ceiling Pendant Lamp Glass with Orange Rim Ø 30cm – Vintage Hanging Light 1960s 70s,"Retro ceiling / pendant lamp with a glass shade in milky white with an orange rim (also glass). The shade has a wavy, flower-like lower edge for a very decorative vintage look, approximately 30 cm in diameter. Ideal for the kitchen, dining area, hallway, or as a collector's piece of retro lighting. In used condition with light, ordinary wear. Supplied as shown. Photos are part of the description and show measurements and details. Please examine them carefully — they reflect the item's condition.",https://zicopeta53.github.io/go.html?id=4450162913,https://i.etsystatic.com/60918070/r/il/1467da/7708560595/il_fullxfull.7708560595_206f.jpg,100.00 EUR,in stock,used,Stantique25
STQ-4448791032,Barometer with Thermometer & Wall Clock – Reddish Wood Vintage Retro 50cm Fully Functional,"Wall-mounted barometer with integrated thermometer housed in a triangular wooden case (house shape) with a warm reddish stain and brass-finished instrument dials. Fully functional and approximately 50 cm in total height. A handsome, classic piece for rustic wall decor — ideal in an entryway, kitchen, or country house living room. Shows light age-related wear and a gentle patina on the wood, consistent with its era. Photos are part of the description and show measurements and details. Please exam",https://zicopeta53.github.io/go.html?id=4448791032,https://i.etsystatic.com/60918070/r/il/6e5d30/7557314683/il_fullxfull.7557314683_pnxs.jpg,55.00 EUR,in stock,used,Stantique25
STQ-4448786877,Vintage Barometer Weather Station Wall – Antique Classic Look Retro Home Decor Functional,"Decorative barometer weather station for wall mounting in a classic vintage/retro/antique style. A timeless statement piece for an entryway, living room, or office — equally appealing to weather enthusiasts and fans of traditional decor. Please examine all photos carefully for details on the instrument, dimensions, and condition. Shows light age-related wear and signs of use typical for its era. Photos are part of the description and show measurements and details. Please examine them carefully —",https://zicopeta53.github.io/go.html?id=4448786877,https://i.etsystatic.com/60918070/r/il/440965/7699898065/il_fullxfull.7699898065_mecz.jpg,45.00 EUR,in stock,used,Stantique25
STQ-4448790314,Vintage Wall Weather Station Barometer – Antique Retro Classic Look Mid Century Home Decor,"Decorative barometer weather station for wall mounting in a classic vintage/retro/antique style. A timeless statement piece for an entryway, living room, or office — equally appealing to weather enthusiasts and fans of traditional mid-century decor. Please examine all photos carefully for details on the instrument, dimensions, and condition. Shows light age-related wear and signs of use typical for its era. Photos are part of the description and show measurements and details. Please examine them",https://zicopeta53.github.io/go.html?id=4448790314,https://i.etsystatic.com/60918070/r/il/7b9456/7699903865/il_fullxfull.7699903865_3pw6.jpg,60.00 EUR,in stock,used,Stantique25
STQ-4431717051,Antique Style Wall Barometer Weather Station – Vintage Retro Classic Look Home Decor Collectible,"Decorative barometer weather station for wall mounting in a classic antique/vintage style. A handsome traditional piece for an entryway, living room, or office — a great gift for weather enthusiasts and collectors of retro home instruments. Please examine all photos carefully for details on the instrument, dimensions, and condition. Shows light age-related wear and signs of use typical for its era. Photos are part of the description and show measurements and details. Please examine them carefull",https://zicopeta53.github.io/go.html?id=4431717051,https://i.etsystatic.com/60918070/r/il/736ada/7651944416/il_fullxfull.7651944416_swgm.jpg,45.00 EUR,in stock,used,Stantique25
STQ-4426162568,Vintage Pins & Badges Collection Lot – Sports Football Mixed Retro Collector Pin Set,"Curated lot of vintage pins and badges with various motifs, including sports and football themes alongside other subjects. Mixed shapes and colors — gold- and silver-toned, some with enamel or printed-effect finishes. Sold as a complete lot only; no individual pieces available. Ideal for collectors, trading, craft projects, or as a display set in a shadow box or collector's case. Shows age-related wear consistent with their era, including some tarnishing and surface abrasion; see photos for deta",https://zicopeta53.github.io/go.html?id=4426162568,https://i.etsystatic.com/60918070/r/il/db7396/7648637588/il_fullxfull.7648637588_n66j.jpg,50.00 EUR,in stock,used,Stantique25
STQ-4448293730,Retro Soda Siphon Bottle Large – Black Red Very Good Condition Vintage Bar Decor Collectible,"Large retro soda siphon bottle in black with red accents and a metal head — a classic bar aesthetic piece instantly recognizable from mid-century bars and home cocktail setups. In very good condition with only light typical signs of use. Sold for decorative purposes only; for functional use, seals would need to be replaced and no functional guarantee is given. A great display piece for a kitchen, home bar, café, or vintage shelf arrangement. Photos are part of the description and show measuremen",https://zicopeta53.github.io/go.html?id=4448293730,https://i.etsystatic.com/60918070/r/il/6aec43/7648630098/il_fullxfull.7648630098_iu0n.jpg,39.00 EUR,in stock,used,Stantique25
STQ-4448290594,Memphis Style Candle Holder 1970s 80s – Blue Marbled with Brass Accent Retro Postmodern Decor,"Memphis-style taper candle holder from the 1970s–80s with a slender column form, a blue marbled surface finish, and brass-colored ball accents. The wide base at the bottom and the conical candle dish at the top are a textbook example of the bold graphic aesthetic that defined postmodern retro interiors. In very good condition. An ideal single statement piece on a sideboard, dining table, or shelf. Delivered without candle. Photos are part of the description and show measurements and details. Ple",https://zicopeta53.github.io/go.html?id=4448290594,https://i.etsystatic.com/60918070/r/il/1dbb59/7648608598/il_fullxfull.7648608598_2ls8.jpg,40.00 EUR,in stock,used,Stantique25
STQ-4446664333,Large Blue Striped Glass Vase – Slender Form with Wide Base Vintage Art Glass Home Decor,"Large art glass vase in blue with a striped pattern — dark blue on a lighter blue ground. The slender, tall form features an angled opening at the top and a round, broad stable base. Ideal as a decorative vase for flowers or branches, or displayed as a standalone piece on a shelf or sideboard. Shows light age-related wear typical for its era. Photos are part of the description and show measurements and details. Please examine them carefully — they reflect the item's condition. Shipping: All orde",https://zicopeta53.github.io/go.html?id=4446664333,https://i.etsystatic.com/60918070/r/il/811f8a/7637593460/il_fullxfull.7637593460_bfw7.jpg,40.00 EUR,in stock,used,Stantique25
STQ-4510507154,Vintage Toleware Ceiling Lamp Florentine Style Metal Flowers & Leaves Mid Century Retro Pendant Light Italy West Germany,"Beautiful and rare vintage ceiling pendant lamp in the classic Florentine/Italian style, featuring hand-crafted metal flowers and leaves as decorative elements. Painted in dark green and gold tones, the piece brings a dramatic, bohemian touch to any room. Origin: West Germany / Italy-influenced, circa 1960s–1970s. A statement piece that works equally well in a classic, eclectic, or country house interior. Shows light age-related wear typical for its era. Photos are part of the description and sh",https://zicopeta53.github.io/go.html?id=4510507154,https://i.etsystatic.com/60918070/r/il/7d22d1/8055428258/il_fullxfull.8055428258_pknv.jpg,99.00 EUR,in stock,used,Stantique25
STQ-4445777307,IKEA SNÖIG Table Spot Lamp – White Metal Adjustable Lamp Head Retro Design,"IKEA SNÖIG table/spot lamp with a round weighted base and a conical, adjustable lamp head. White lacquered metal housing with small perforations on the shade and an internal diffuser for soft directional light. The adjustable head allows precise aiming — ideal as a desk lamp, bedside lamp, or accent light on a shelf or sideboard. Shows light typical signs of use. Photos are part of the description and show measurements and details. Please examine them carefully — they reflect the item's conditio",https://zicopeta53.github.io/go.html?id=4445777307,https://i.etsystatic.com/60918070/r/il/c3b5da/7679819503/il_fullxfull.7679819503_7qws.jpg,30.00 EUR,in stock,used,Stantique25
STQ-4445777041,Table Lamp with Ceramic Porcelain Body – Brass-Colored Base Beige Fabric Shade Vintage Decor,"Table lamp with a bulbous ceramic/porcelain-look body and a gold-toned (brass-colored) base, paired with a beige conical fabric shade. An in-line switch on the cable allows convenient operation. Suitable as a bedside lamp or warm ambient light in a living area. Please note: the shade shows visible stains and discoloration; the lamp base/body shows only normal light signs of use. Please examine all photos carefully before purchasing. Photos are part of the description and show measurements and de",https://zicopeta53.github.io/go.html?id=4445777041,https://i.etsystatic.com/60918070/r/il/174754/7631868404/il_fullxfull.7631868404_doex.jpg,75.00 EUR,in stock,used,Stantique25
STQ-4445783244,Artemide Microlight Table Lamp by Ernesto Gismondi – 1990s Italian Design Collectible,"Artemide ""Microlight"" table lamp, Made in Italy — a collectible piece from the celebrated Italian design manufacturer. Slender telescopic metal stand rod with an elongated lamp head in red/transparent plastic. The head is adjustable on its bracket, making it ideal as a work lamp, desk lamp, or source of directional accent light. A control element/switch is located at the base, with a transformer on the cable. Used condition; see photos for details. Photos are part of the description and show mea",https://zicopeta53.github.io/go.html?id=4445783244,https://i.etsystatic.com/60918070/r/il/94dac6/7631848770/il_fullxfull.7631848770_kh4e.jpg,99.00 EUR,in stock,used,Stantique25
STQ-4445773575,Massive Solid Brass Teapot – Heavy Black Handle and Lid Knob Vintage Brass Kettle Decor,"Massive solid brass teapot with a bulbous form, a black handle, and a black lid knob — heavy, high-quality, and built to last. The piece shows a pronounced patina and tarnishing consistent with its age, alongside light typical marks of use. Ideal as a decorative object in a kitchen or on a shelf, as a collector's piece, or as a striking statement in a brass-and-metal display. Please examine the photos carefully for full condition details. Photos are part of the description and show measurements ",https://zicopeta53.github.io/go.html?id=4445773575,https://i.etsystatic.com/60918070/r/il/329a0e/7679789779/il_fullxfull.7679789779_37t3.jpg,35.00 EUR,in stock,used,Stantique25
STQ-4445767809,Dr. Oetker Fish Molds Mini Dessert Pudding Set of 4 – Red Yellow Vintage Retro Kitchen Baking,"Set of 4 small Dr. Oetker fish-shaped dessert molds for pudding, jello, and other molded desserts. The set contains 4 pieces: 2 red and 2 yellow. Each mold features a fish embossing on the inside and a decoratively ridged rim that leaves a lovely pattern on the finished dessert. Perfect for a retro-styled kitchen, children's birthday parties, a dessert buffet, or as a playful kitchen display piece. Shows light age-typical signs of use; overall clean impression. Photos are part of the description",https://zicopeta53.github.io/go.html?id=4445767809,https://i.etsystatic.com/60918070/r/il/9b0c1f/7679754445/il_fullxfull.7679754445_c0k3.jpg,35.00 EUR,in stock,used,Stantique25
STQ-4445768367,Vintage Ceramic Goose Figurine White – Original Box Near Mint Condition Retro Garden Decor,"Charming ceramic goose figurine by Geko in a lying pose, crafted from white glazed ceramic with carefully detailed beak and feet. A rare find: this piece comes in its original box (NOS — new old stock) and is in like-new condition with no damage, chips, or cracks. An ideal collector's piece or a stylish addition to country-style or farmhouse-inspired decor, and a thoughtful vintage gift. Please refer to the photos for measurements and full condition details. Photos are part of the description an",https://zicopeta53.github.io/go.html?id=4445768367,https://i.etsystatic.com/60918070/r/il/e1ebf9/8051934224/il_fullxfull.8051934224_gfcp.jpg,15.00 EUR,in stock,used,Stantique25
STQ-4445767595,Dr. Oetker Mini Pudding Jello Molds Set of 4 – Colorful Blue Red Yellow Green Vintage Retro Kitchen,"Set of 4 small Dr. Oetker molds for pudding, jello, and other molded desserts. The set contains 4 pieces in a colorful mix: blue, red, yellow, and green. Each mold has a flower/wreath-shaped ridged form that leaves a beautiful decorative pattern on the finished dessert. Perfect for a retro-styled kitchen, children's birthday parties, a dessert buffet, or as a playful pop-art kitchen display piece. Shows light age-typical signs of use possible; overall clean impression. Please see the photos for ",https://zicopeta53.github.io/go.html?id=4445767595,https://i.etsystatic.com/60918070/r/il/9b6f70/7631801850/il_fullxfull.7631801850_i2oi.jpg,35.00 EUR,in stock,used,Stantique25
STQ-4510007410,"Vintage Floral Still Life Oil Painting in Ornate Gold Frame, Hand-Painted Oil on Canvas, Moody Flower Bouquet Art","Hand-painted oil painting depicting a classic floral still life. The artwork features a lush bouquet of white and orange blossoms arranged in a round, gray-blue vase, set against a light atmospheric background with a subtle hint of a window. Executed in a realistic-impressionistic style, the loose and lively brushstrokes give the composition a wonderful sense of depth and movement. The painting is housed in a large, heavy ornate frame with elaborate gilt gold ornaments, intricate corner embellis",https://zicopeta53.github.io/go.html?id=4510007410,https://i.etsystatic.com/60918070/r/il/035cf4/8059670828/il_fullxfull.8059670828_dcp7.jpg,125.00 EUR,in stock,used,Stantique25
STQ-4435879332,"Antique Wooden Rocking Horse 1940s, Solid Wood & Real Hair Tail, All Original Vintage German Toy, Rustic Cottagecore Farmhouse Decor","Impressive antique rocking horse from the 1940s, crafted from solid wood with a detailed hand-painted design. A special highlight is the tail, made from genuine horsehair. The piece is multifunctional: the horse sits on a wooden rolling board with sturdy metal wheels, allowing it to be used as a rolling toy. For the rocking function, it simply places securely onto its matching dark green wooden rocker runners, which feature a beautiful period-typical finish. Condition: good, age-appropriate orig",https://zicopeta53.github.io/go.html?id=4435879332,https://i.etsystatic.com/60918070/r/il/d6cd88/8059649984/il_fullxfull.8059649984_4gaw.jpg,400.00 EUR,in stock,used,Stantique25
STQ-4443059819,Hutschenreuther Arzberg Art Deco Blaublüte 1382 – Porcelain Service for 8 Germany Collectible China,"Antique Hutschenreuther Arzberg Art Deco porcelain service ""Blaublüte 1382,"" offered as a complete set for 8 persons. The set includes 8 coffee cups, 8 saucers, and 8 cake plates — 24 pieces in total. The decor features a classic blue floral pattern (Blaublüte) with a gold rim on a white ground, in the elegant shape 1382. Very well preserved and highly suitable as a collector's set or displayed in a cabinet. Shows light age-typical signs of use; fine cutlery marks possible on the plates. Please ",https://zicopeta53.github.io/go.html?id=4443059819,https://i.etsystatic.com/60918070/r/il/d1d967/7614317314/il_fullxfull.7614317314_p6rt.jpg,180.00 EUR,in stock,used,Stantique25
STQ-4434135713,Hand-Carved Wood Figure Farmer with Basket 35cm – Black Forest Style Vintage German Folk Art,"Impressive large hand-carved wooden figure depicting a farmer or sower carrying a basket and wearing a hat. The detailed carving of the clothing, face, and basket points to quality folk woodcarving in the Alpine tradition (for example South Tyrol or Oberammergau). A striking, characterful sculpture and a genuine collectible example of traditional wood folk art, approximately 35 cm tall. Shows light age-related wear and minor signs of use typical for its era. Photos are part of the description an",https://zicopeta53.github.io/go.html?id=4434135713,https://i.etsystatic.com/60918070/r/il/d151ab/8031401038/il_fullxfull.8031401038_j7iw.jpg,98.00 EUR,in stock,used,Stantique25
STQ-4442326421,Eschenbach Beetle Mocha Coffee Cups Set of 5 with Saucers – Collector Porcelain Germany Vintage,"Eschenbach ""Käfer"" (beetle) mocha cup set, sold as a set. Set contents: exactly 5 mocha cups with matching saucers. The cups are light-toned with a wraparound decorative band and small motif panels, paired with white saucers. Please note: the saucers are unstamped, so it cannot be confirmed with certainty that they are original Eschenbach or originally belonged to this exact set — but they match the cups well in look and form. In very good condition per the previous owner. Photos are part of the",https://zicopeta53.github.io/go.html?id=4442326421,https://i.etsystatic.com/60918070/r/il/a23bd7/7609708160/il_fullxfull.7609708160_41yz.jpg,35.00 EUR,in stock,used,Stantique25
STQ-4442322810,Brass Potpourri Box Cricket Box – Pierced Lid Oval Vintage Brass Trinket Box Antique Decor,"Oval brass potpourri box (""cricket box"") with a pierced lid. The lid has a small knob and ventilation / ornamental piercings, suitable for potpourri or scent chips, with a pierced pattern running around the sides and a removable, two-part interior (as pictured). The maker and exact date are not known and are not visible in the photos. Ideal as a decorative scent box, for small items such as jewelry or coins, or as a collector's piece. Shows light age-related wear and patina typical for its era. ",https://zicopeta53.github.io/go.html?id=4442322810,https://i.etsystatic.com/60918070/r/il/3ab5be/7657579525/il_fullxfull.7657579525_lrf8.jpg,40.00 EUR,in stock,used,Stantique25
STQ-4442309749,Regina Delfts Blauw Ashtray Dish – Hand-Painted Made in Holland Blue White Dutch Ceramic,"Delfts Blauw ashtray / small dish in blue-and-white ceramic. Decor: a floral pattern in the center with blue ornamental and floral elements around the rim. The form has several rim rests (typical ashtray notches) but can also be used as a small trinket dish. The underside is marked ""Regina"", ""Delfts Blauw"", ""Hand Painted"" and ""Made in Holland"" with a number. Ideal as a collector's piece, for a bar or smoking area, or as a decorative dish. Shows light age-related wear typical for its era. Photos ",https://zicopeta53.github.io/go.html?id=4442309749,https://i.etsystatic.com/60918070/r/il/31d633/7609611482/il_fullxfull.7609611482_g2xv.jpg,22.00 EUR,in stock,used,Stantique25
STQ-4442309261,Royal Copenhagen Porcelain Candle Holder – Blue White Denmark Marked Collectible Vintage,"Royal Copenhagen porcelain candle holder in blue and white. Form: a round foot with a wide rim and a central socket with a wavy, relief edge. The underside shows ""DENMARK"" with a printed mark and hand-painted blue marks. An exact pattern or series name cannot be confirmed from the photos, so it is described neutrally as a blue-and-white Royal Copenhagen piece. Suitable as a classic candle holder for the table or windowsill, or as an addition to a Royal Copenhagen collection. Shows light age-rela",https://zicopeta53.github.io/go.html?id=4442309261,https://i.etsystatic.com/60918070/r/il/620748/7609606642/il_fullxfull.7609606642_d31p.jpg,22.00 EUR,in stock,used,Stantique25
STQ-4368594548,"Alexanderwerk Meat Grinder No. 7 – Cast Iron Wood Handle Crank, Fully Functional Vintage Kitchen","A genuine classic of German kitchen history: an original Alexanderwerk meat grinder in size No. 7. Built from solid tinned cast iron, it features the typical table clamp for secure attachment and a hand crank with a real wood handle. Alexanderwerk has stood for generations as a benchmark of quality and durability. This grinder is not only a fully functional kitchen tool but also a beautiful decorative object for a retro or farmhouse-style kitchen. The piece is in an authentic vintage condition w",https://zicopeta53.github.io/go.html?id=4368594548,https://i.etsystatic.com/60918070/r/il/e6f26e/7907867198/il_fullxfull.7907867198_kewi.jpg,40.00 EUR,in stock,used,Stantique25
STQ-4415449622,Carl Auböck Brass Nutcracker Model 23 – Mid Century Design Object Collectible Vienna Austria,"Rare Carl Auböck brass nutcracker, Model No. 23, mid-20th century, bearing the maker's marking and the characteristic sculptural form of the Carl Auböck Werkstätte in Vienna. The piece measures approximately 10.5 cm in length, 7 cm in diameter, and 4 cm in height and sits beautifully heavy in the hand. Condition: excellent, with a beautiful even patina and no significant damage — fully suitable for use as well as as a collector's and design object. A highly sought piece of Austrian design histor",https://zicopeta53.github.io/go.html?id=4415449622,https://i.etsystatic.com/60918070/r/il/f4c081/8137862624/il_fullxfull.8137862624_d9wi.jpg,199.00 EUR,in stock,used,Stantique25
STQ-4448788810,Classic Vintage Wall Barometer Weather Station – Antique Look Retro Home Decor Functional,"Decorative wall-mounted barometer weather station in a classic vintage/retro/antique style. With its timeless design in brass, metal, and wood, it makes a stylish focal point in a hallway, living room, or office, and is equally fitting as a gift for weather and instrument enthusiasts. Functional; please refer to the photos for measurements and full condition details. Shows light age-typical signs of use consistent with its vintage character. Photos are part of the description and show measuremen",https://zicopeta53.github.io/go.html?id=4448788810,https://i.etsystatic.com/60918070/r/il/1fab81/7651950248/il_fullxfull.7651950248_ffh3.jpg,45.00 EUR,in stock,used,Stantique25
STQ-4450170905,Polydor Vinyl LP Holder Wood & Wire – Retro Record Stand Vintage Music Decor,"Retro vinyl LP holder made of wood with a yellow wire rack — ideal for storing and quickly browsing records next to the turntable. Features the Polydor logo on the front, making it a desirable collectible and display piece for music fans. Sturdy wooden base with wire dividers to hold multiple LPs and sleeves upright. Please note: sold without records. Condition: used/vintage, but overall well preserved — no breaks; normal light signs of use possible. Please refer to the photos for measurements a",https://zicopeta53.github.io/go.html?id=4450170905,https://i.etsystatic.com/60918070/r/il/5b018b/8051928352/il_fullxfull.8051928352_7rcm.jpg,75.00 EUR,in stock,used,Stantique25
STQ-4441270674,Handmade Glass Plate Rectangular – Abstract Spiral Decor Blue Orange Vintage Art Glass,"Handmade decorative glass plate in a rectangular form. The design features an abstract spiral/swirl motif in blue, turquoise, and orange against a light, milky-looking ground. The glossy surface shows visible handcrafted irregularities — small bubbles and surface textures — that are characteristic of hand-glass work and entirely consistent with the making process. Manufacturer and exact technique (e.g. fusing) are not specified. Approximate dimensions: 350 mm x 250 mm x 50 mm. Ideal as a decorat",https://zicopeta53.github.io/go.html?id=4441270674,https://i.etsystatic.com/60918070/r/il/85a15c/7602814140/il_fullxfull.7602814140_3d4v.jpg,20.00 EUR,in stock,used,Stantique25
STQ-4505470968,Vintage Copper Ice Bucket Insulated – Space Age Design 1960s 70s Bar Decor Retro Entertaining,"Elegant, high-quality vintage ice bucket with a gleaming copper coating and a classic cylindrical form in a Space Age style from the 1960s–70s. The fitted lid features a handy knob, and the movable carry handle allows comfortable transport — a standout piece for a bar cart, home bar, or as a retro display object. Condition: very good vintage. The copper coating gleams excellently; only minimal age-related surface marks typical for metal objects of this type. Interior is clean and ready to use. S",https://zicopeta53.github.io/go.html?id=4505470968,https://i.etsystatic.com/60918070/r/il/b347fa/8069435177/il_fullxfull.8069435177_rucu.jpg,99.00 EUR,in stock,used,Stantique25
STQ-4439406566,Adidas Techstar Interval Trainer Sneakers – Red Yellow Black 1990s Vintage Running Shoes Collectible,"Vintage adidas Techstar Interval Trainer sneakers from the 1990s in a striking red, yellow, and black colorway with the classic 3-stripe design. Sporty track/runner style with a spike/nub profile sole. Size: EU 37.5. Used condition with light typical signs of use. Sold as 1 pair as shown in the photos. Please examine all photos carefully for full condition and size details before purchasing. Photos are part of the description and show measurements and details. Please examine them carefully — the",https://zicopeta53.github.io/go.html?id=4439406566,https://i.etsystatic.com/60918070/r/il/df6840/7590867888/il_fullxfull.7590867888_7tm5.jpg,60.00 EUR,in stock,used,Stantique25
STQ-4439393711,Massive Brass Bowl Leaf Shape – Embossed Leaf Decor Patina Mid Century Vintage Decorative,"Solid brass bowl in a leaf form with embossed leaf decor and a warm, dark vintage finish — a classic Mid-Century look. Substantial and heavy in the hand, made from solid brass rather than thin sheet. Ideal as a trinket dish, key or jewelry tray, or decorative bowl on a table, dresser, or sideboard. No visible brand marking. Condition: used, with typical signs of use, visible patina, spots, and darker areas. Please examine the photos carefully for full condition details. Photos are part of the de",https://zicopeta53.github.io/go.html?id=4439393711,https://i.etsystatic.com/60918070/r/il/2caadd/8100023718/il_fullxfull.8100023718_9hnk.jpg,25.00 EUR,in stock,used,Stantique25
STQ-4439391694,Otto Kern NOA NOA Silk Scarf – Large Equestrian & Ornament Motif Vintage Luxury Fashion,"Original Otto Kern ""NOA NOA"" silk scarf with a large, graphic equestrian and ornament motif in a bold color palette. The print reads ""NOA NOA by OTTO KERN"" and is visible in the design. Please note: the scarf is currently uncleaned — please examine all photos carefully, as minor signs of use or staining cannot be excluded. Versatile styling options: wear it as a statement accessory around the neck, tie it to a bag, or display it as a decorative wall piece. Photos are part of the description and ",https://zicopeta53.github.io/go.html?id=4439391694,https://i.etsystatic.com/60918070/r/il/a389d9/7590780336/il_fullxfull.7590780336_l7yx.jpg,50.00 EUR,in stock,used,Stantique25
STQ-4439388474,Lee Blue Silk Scarf Foulard – Tiger Tropical Motif Chain Pattern Vintage Luxury Fashion,"Square scarf/foulard with a striking tiger and tropical motif and a braided/chain border in red, black, and gold. The signature ""Lee Blue"" is printed at the bottom right. No confirmed brand or manufacturer attribution could be verified; offered as a signed motif scarf. Ideal as a statement accessory worn around the neck or hair, tied to a bag, or displayed as a decorative wall piece. Please examine the photos carefully for measurements, material details, and condition. Photos are part of the des",https://zicopeta53.github.io/go.html?id=4439388474,https://i.etsystatic.com/60918070/r/il/8bad02/7590774744/il_fullxfull.7590774744_4qux.jpg,40.00 EUR,in stock,used,Stantique25
STQ-4439397072,Rosenthal Bjorn Wiinblad Tulipa Crystal Candle Holders Set of 3 – Smoked Gray Clear Collectible,"Set of 3 Rosenthal ""Tulipa"" candleholders designed by Bjørn Wiinblad, in crystal/glass with a smoked gray tinted tulip cup and a clear base. The three pieces come in three graduated heights as shown in the photos — visually elegant both individually and grouped together on a dining table, sideboard, or windowsill. Please note: the middle candleholder has a small crack at the upper rim — please examine the photos carefully before purchasing. Used condition with typical signs of use. Candles not i",https://zicopeta53.github.io/go.html?id=4439397072,https://i.etsystatic.com/60918070/r/il/ac2ad0/7590811822/il_fullxfull.7590811822_keo5.jpg,80.00 EUR,in stock,used,Stantique25
STQ-4442322024,Hutschenreuther Porcelaine Rosé – Coffee Tea Service Set for 6 Germany Vintage Collector China,"Hutschenreuther Porcelaine Rosé service set for 6 persons. The set features a beautiful rosé and white color scheme with relief floral details and gold accents on the handles and decorative elements. The complete set includes a coffee pot, milk pitcher, sugar bowl, 2 vases, cups, and plates — all as shown in the photos. Very well preserved and rare; no major damage visible in the photos. Perfect as a complete coffee service for elegant entertaining, or as a collector's and display piece. Please ",https://zicopeta53.github.io/go.html?id=4442322024,https://i.etsystatic.com/60918070/r/il/e7f918/8265115899/il_fullxfull.8265115899_htou.jpg,265.00 EUR,in stock,used,Stantique25
STQ-4438576195,Original Delft Blue Mini Vase Windmill – Vintage Holland Dutch Pottery Collectible Retro,"Small original Delft Blue porcelain vase in a pear shape, decorated with a windmill motif and traditional Dutch blue-and-white decor. Very good condition — clean and intact. Height approx. 8 cm. Charming displayed with small flowers or as part of a Dutch pottery collection. Photos are part of the description and show measurements and details. Please examine them carefully — they reflect the item's condition. Shipping: All orders via DHL insured, double-boxed with protective padding. Germany: fre",https://zicopeta53.github.io/go.html?id=4438576195,https://i.etsystatic.com/60918070/r/il/a32b65/7585729444/il_fullxfull.7585729444_iydy.jpg,22.00 EUR,in stock,used,Stantique25
STQ-4438579782,Original Delft Blue Handle Bottle – Large Beautiful Dutch Pottery Vintage Holland Decor,"Original Delft Blue porcelain handle bottle with a traditional blue tulip and floral pattern, a fitted lid, and a handle. Large and decorative form, height approx. 25 cm — a beautiful display piece for a shelf or vitrine. Please note: there is a repaired break at the neck (glued, stable) which is reflected in the price — please examine the photos carefully, including the repair, before purchasing. Otherwise very well preserved. Photos are part of the description and show measurements and details",https://zicopeta53.github.io/go.html?id=4438579782,https://i.etsystatic.com/60918070/r/il/adcb35/7633681231/il_fullxfull.7633681231_d2ul.jpg,25.00 EUR,in stock,used,Stantique25
STQ-4438579364,Original Delft Blue Milk Jug Creamer with Windmill – Vintage Holland Dutch Ceramic Collectible,"Small original Delft Blue porcelain milk jug/creamer — a round jug with a handle and a classic windmill motif in traditional Dutch blue-and-white decor. Very good condition — clean and intact. Height approx. 10 cm. Ideal as a display piece or collector's item. Photos are part of the description and show measurements and details. Please examine them carefully — they reflect the item's condition. Shipping: All orders via DHL insured, double-boxed with protective padding. Germany: free. USA: free (",https://zicopeta53.github.io/go.html?id=4438579364,https://i.etsystatic.com/60918070/r/il/fd25e0/7633679007/il_fullxfull.7633679007_kax9.jpg,20.00 EUR,in stock,used,Stantique25
STQ-4438570799,Louis XV Wall Candle Holders Set of 2 – Carved Wood Gold Gilded French Style Vintage Wall Sconces,"Elegant matching pair of Louis XV style wall sconces in carved wood with a gold-toned, antique-look finish. Highly decorative rococo/baroque design featuring volutes and foliage — ideal hung as a pair flanking a mirror, fireplace, or bed. The pieces feature candle cups/arms as shown in the photos; no electrical wiring is visible and they are sold as decorative wall pieces and candleholders. Condition: overall good, with age- and use-typical patina on the surface. Set of 2 wall pieces as shown. P",https://zicopeta53.github.io/go.html?id=4438570799,https://i.etsystatic.com/60918070/r/il/6f3880/7633646859/il_fullxfull.7633646859_5656.jpg,199.00 EUR,in stock,used,Stantique25
STQ-4428836828,Kidney Side Table 1950s 60s – Rotating White Marble-Look Top Vintage Mid Century Occasional Table,"Classic kidney-shaped side table from the 1950s–60s with a 360-degree rotating upper surface. The top features a white marble-look laminate (Resopal) finish, measuring approx. 57 × 64 cm, and rotates freely for easy access. Below sits a dark lower shelf, all supported by conical legs with brass-tipped feet — quintessential Mid-Century Modern/Rockabilly design. Height approx. 58 cm, making it ideal alongside a sofa, armchair, or as a plant stand. Very well preserved condition; surfaces and edges ",https://zicopeta53.github.io/go.html?id=4428836828,https://i.etsystatic.com/60918070/r/il/e65f14/7530977466/il_fullxfull.7530977466_7z8p.jpg,290.00 EUR,in stock,used,Stantique25
STQ-4435878838,Murano Glass Vase – Green Turquoise Twisted Stripe Pattern Wavy Rim Vintage Italian Art Glass,"Beautiful Murano glass vase with a twisted stripe pattern in green and turquoise with darker accents. The rim has a wavy, undulating form that gives the vase a sculptural quality — striking as a standalone decorative object even without flowers. Form: slender and tall with a flared, wavy opening. Used condition with light typical signs of use. Photos are part of the description and show measurements and details. Please examine them carefully — they reflect the item's condition. Shipping: All ord",https://zicopeta53.github.io/go.html?id=4435878838,https://i.etsystatic.com/60918070/r/il/0633d1/7617113235/il_fullxfull.7617113235_f9bl.jpg,45.00 EUR,in stock,used,Stantique25
STQ-4435873175,Aluminum Wire Basket Industrial Style with Handle – Very Sturdy Vintage Retro Handmade Storage,"Sturdy vintage aluminum wire basket in an industrial style, featuring a handle for easy carrying. Handmade construction with a robust, utilitarian character — ideal as storage in the kitchen, workshop, bathroom, or hallway, or displayed as a decorative industrial-style accent. Shows light age-typical signs of use consistent with its vintage character. Please refer to the photos for measurements and full condition details. Photos are part of the description and show measurements and details. Plea",https://zicopeta53.github.io/go.html?id=4435873175,https://i.etsystatic.com/60918070/r/il/9dd057/7569157818/il_fullxfull.7569157818_qqx6.jpg,45.00 EUR,in stock,used,Stantique25
STQ-4434882141,Ulmer Keramik Vase Jug with Lid – Original Label Folk Art Bird Motif Vintage German Pottery,"Ulmer Keramik vase/jug with lid, hand-painted in a folk art style with a bird, flower, and heart motif. Comes with the original manufacturer's label — a lovely find for collectors of West German ceramics. Good vintage condition with normal signs of use and light surface abrasions. Ideal as a decorative vase, a collector's piece, or as part of a Mid-Century / West Germany shelf display. Photos are part of the description and show measurements and details. Please examine them carefully — they refl",https://zicopeta53.github.io/go.html?id=4434882141,https://i.etsystatic.com/60918070/r/il/400616/7611116867/il_fullxfull.7611116867_2urx.jpg,28.00 EUR,in stock,used,Stantique25
STQ-4434883840,Delft Blue Pitcher Jug – Vintage Holland Ceramic Blue White Dutch Pottery Collectible Decor,"Classic Delft Blue pitcher/jug in a bulbous form with a handle and traditional blue-and-white Dutch decor. Very good vintage condition — no cracks or chips. A lovely piece for a kitchen counter, shelf, or as part of a Delft Blue collection. Please refer to the photos for measurements and full condition details. Photos are part of the description and show measurements and details. Please examine them carefully — they reflect the item's condition. Shipping: All orders via DHL insured, double-boxed",https://zicopeta53.github.io/go.html?id=4434883840,https://i.etsystatic.com/60918070/r/il/3e9e24/7563140518/il_fullxfull.7563140518_budo.jpg,30.00 EUR,in stock,used,Stantique25
STQ-4434136499,ONKYO A/V Receiver Amplifier TX-SR600E – Home Theater HiFi Vintage Electronics,"Onkyo A/V Receiver TX-SR600E in silver, manufactured 2002–2003. A powerful and versatile home theater amplifier delivering 450 watts across 7.2 channels. Features built-in AM/FM radio reception, 7 inputs, and 8 outputs for seamless integration into an existing system. Manufactured in Malaysia. A high-quality piece of HiFi electronics from the early 2000s — excellent as a functioning home theater component or as a collectible piece of vintage audio equipment. Please refer to the photos for condit",https://zicopeta53.github.io/go.html?id=4434136499,https://i.etsystatic.com/60918070/r/il/f3e553/7979020711/il_fullxfull.7979020711_e1uy.jpg,90.00 EUR,in stock,used,Stantique25
STQ-4434142226,Goebel Ceramic Beer Stein Mug 1.4L – Large With Print Good Condition Collector Piece Germany,"Large Goebel ceramic beer stein/mug with a 1.4-liter capacity. ""GÖBEL"" is embossed on the body as shown in the photos. Height approx. 27 cm. No lid. Sturdy piece with a classic German stein look — equally suited for actual use, display, or as a collector's piece. Good condition, used, with light typical signs of use. Photos are part of the description and show measurements and details. Please examine them carefully — they reflect the item's condition. Shipping: All orders via DHL insured, double",https://zicopeta53.github.io/go.html?id=4434142226,https://i.etsystatic.com/60918070/r/il/b403c9/7606754707/il_fullxfull.7606754707_no67.jpg,40.00 EUR,in stock,used,Stantique25
STQ-4434134459,Kerosene Hurricane Lamp Petroleum Lantern – Green Painted Metal 30cm with Handle Vintage,"Classic kerosene/hurricane lantern in a cool retro green. Metal housing with a glass burner and handle. Height approx. 30 cm (over 40 cm with handle extended). No wick; no electrical connection. Very good condition — only light rust at the bottom rim as shown in the photo. A perfect statement piece for a camping setup, a cabin, a workshop display, or a vintage collection. Photos are part of the description and show measurements and details. Please examine them carefully — they reflect the item's",https://zicopeta53.github.io/go.html?id=4434134459,https://i.etsystatic.com/60918070/r/il/b18f3c/7558807250/il_fullxfull.7558807250_h197.jpg,45.00 EUR,in stock,used,Stantique25
STQ-4432356351,Table Lamp Brass Cast Base Decorated Glass Shade – Vintage with Cable & Cord Switch,"Beautiful table lamp with a heavy brass cast base in a classic, ornamental style and a glass shade with a decorative pattern and a wavy rim. Cable with plug and cord switch included. Very good condition, well-maintained with light typical signs of use. Creates an immediate warm, antique atmosphere — ideal as a bedside lamp or atmospheric accent light on a side table or console. Photos are part of the description and show measurements and details. Please examine them carefully — they reflect the ",https://zicopeta53.github.io/go.html?id=4432356351,https://i.etsystatic.com/60918070/r/il/820dba/7596788249/il_fullxfull.7596788249_6p12.jpg,49.00 EUR,in stock,used,Stantique25
STQ-4431723074,Retro Door Lock YETI Extra Lock – Original Box with Instructions Complete with Cylinder Vintage,"Retro additional door lock (box lock/deadbolt) ""YETI"" — complete set in its original packaging. Includes the locking cylinder, 2 keys, mounting plate, counter plate, covers, and screws, along with the original box and installation instructions. The cream-colored housing gives it a distinctly retro appearance. Overall well maintained with only light storage and age marks. Ideal as vintage hardware for a workshop, shed, or old-building door, or as a collector's piece and display object. Photos are",https://zicopeta53.github.io/go.html?id=4431723074,https://i.etsystatic.com/60918070/r/il/0f05c8/7593394093/il_fullxfull.7593394093_2z43.jpg,25.00 EUR,in stock,used,Stantique25
STQ-4431721766,Brass Cast Tribal Ethnic Figurine – Small Sculpture with Patina Very Rare Vintage Decor,"Small brass/bronze cast figurine in a tribal/ethnic style, featuring a distinctive horned or wreath-like head form and a beautiful dark patina. The figure stands on a small integral base. Origin and exact age are not definitively determinable; offered as a decorative and collector's object in tribal/ethnic style. Condition: used, with pronounced age and patina marks that contribute to its authentic appearance; no active breaks visible. Please examine the photos carefully. Photos are part of the ",https://zicopeta53.github.io/go.html?id=4431721766,https://i.etsystatic.com/60918070/r/il/b3b780/8100130682/il_fullxfull.8100130682_1t73.jpg,35.00 EUR,in stock,used,Stantique25
STQ-4430608722,Early Victorian Papier-Mâché Pen Box c.1860 – Black Lacquered Flowers & Birds Antique Collectible,"Early Victorian papier-mâché pen and stationery box, ca. 1860 (19th century). Black lacquered ground with fine, colorful hand-painted floral vines and a bird motif, accented by gold decorative lines along the edges. The hinged lid opens to a plain black interior — ideal for storing pens and small stationery items. Condition: very good; the hand-painted decoration is clear and does not appear rubbed down. A lovely desk piece, vitrine display, or gift for collectors of Victorian lacquerware. Photo",https://zicopeta53.github.io/go.html?id=4430608722,https://i.etsystatic.com/60918070/r/il/051925/7540081680/il_fullxfull.7540081680_2gwe.jpg,75.00 EUR,in stock,used,Stantique25
STQ-4429899102,Winterling Coffee Service for 6 – Roses & Gold 6 Cups Saucers Cake Plate Vintage Bavaria China,"Elegant Winterling coffee service for 6 persons with opulent rose decor and richly gilded borders — a classic salon look, perfect for a formal coffee table, wedding, vintage tea party, or a collector's display. The complete set includes 6 cups, 6 saucers, 6 cake plates, 1 tall coffee/tea pot, 1 milk pitcher, and 1 lidded sugar bowl. White porcelain with surrounding, partly relief gold garlands, complemented by bold rose bouquets in red/pink and delicate blooms in light blue/green. Condition: ver",https://zicopeta53.github.io/go.html?id=4429899102,https://i.etsystatic.com/60918070/r/il/8969f2/7536434464/il_fullxfull.7536434464_k7fe.jpg,175.00 EUR,in stock,used,Stantique25
STQ-4494219607,Vintage Gobelin Needlepoint Kit Still Life Fruit & Candle – Original Unfinished Rare Craft Set,"Complete vintage gobelin needlepoint kit with a still life fruit and candle motif — a rare find in unused, original new-old-stock condition. The set includes: a 100% cotton canvas (Stramin) with the motif pre-printed (image size approx. 30 × 40 cm), high-quality pure new wool embroidery yarn in all required colors, a real wood frame (approx. 36 × 46 cm), a needle, and instructions. The yarn is still in its original bundles; the canvas is completely unworked. The outer packaging shows only light ",https://zicopeta53.github.io/go.html?id=4494219607,https://i.etsystatic.com/60918070/r/il/4a2b8d/7949186186/il_fullxfull.7949186186_jmn3.jpg,45.00 EUR,in stock,used,Stantique25
STQ-4494224524,Vintage Gobelin Needlepoint Kit Duck Pond – Original Unfinished Rare Vintage Craft Kit,"Complete vintage gobelin needlepoint kit with a charming duck pond nature motif — a rare find in unused, original new-old-stock condition. The set includes everything needed to stitch the classic design in half cross stitch: a 100% cotton canvas (Stramin) with the motif pre-printed (image size approx. 30 × 40 cm), high-quality pure new wool embroidery yarn in all required colors, a real wood frame (approx. 36 × 46 cm), a needle, and instructions. The yarn is still in its original bundles; the ca",https://zicopeta53.github.io/go.html?id=4494224524,https://i.etsystatic.com/60918070/r/il/30ee86/7949175838/il_fullxfull.7949175838_c17i.jpg,45.00 EUR,in stock,used,Stantique25
STQ-4435881506,Steiff Teddy Bear – Yellow Flag & Button in Ear Vintage Gold Brown Collectible,"Classic Steiff teddy bear in high-quality golden brown plush, bearing the brand's signature authentication: the ""Button in Ear"" together with the yellow flag. The bear has dark button eyes, a hand-stitched nose, and fully jointed limbs. A timeless companion and a must for Steiff collectors or as nostalgic decor. Condition: good vintage — fur well-kept, yellow flag clearly legible, light typical age and use marks present. Photos are part of the description and show measurements and details. Pleas",https://zicopeta53.github.io/go.html?id=4435881506,https://i.etsystatic.com/60918070/r/il/929930/7997122757/il_fullxfull.7997122757_sd0w.jpg,60.00 EUR,in stock,used,Stantique25
STQ-4429852914,Vintage Copper Brass Teapot Small – Istanbul Stamp Strong Patina Antique Oriental Kettle,"Small vintage copper teapot with a brass handle and brass spout, said to bear an Istanbul stamp. The form is classic and rounded, with a fitted lid and a small knob on top. The surface shows pronounced patina, discoloration, and oxidation marks that reinforce the antique copper character and visual appeal. Due to the age and surface build-up, this teapot is best enjoyed as a decorative piece or collector's item for copper ware enthusiasts rather than for active use. Condition: heavily used with ",https://zicopeta53.github.io/go.html?id=4429852914,https://i.etsystatic.com/60918070/r/il/7614b6/7584212031/il_fullxfull.7584212031_l519.jpg,35.00 EUR,in stock,used,Stantique25
STQ-4493291770,Vintage Key-Shaped Corkscrew – Metal Verdigris Look Rustic Barware Collectible Retro,"Decorative corkscrew cast in solid metal in the form of an antique skeleton key. The piece has a striking green verdigris patina that gives it an aged, historic look. The key handle serves as the grip for the foldable corkscrew worm. The shaft bears the inscription ""EST SOL"" and is embellished with relief vine and grape motifs throughout. An original conversation piece for the bar, wine rack, or as a gift for collectors of curiosities and novelty barware. Condition: light typical use marks. Phot",https://zicopeta53.github.io/go.html?id=4493291770,https://i.etsystatic.com/60918070/r/il/fc7ed2/7990607607/il_fullxfull.7990607607_kc3l.jpg,29.00 EUR,in stock,used,Stantique25
STQ-4493281827,Vintage Lausitz Glass Vase – Light Blue Art Deco Style Mouth-Blown 1960s German Art Glass,"Elegant glass vase by Lausitzer Glas in a pleasing light blue. Rounded form with a narrow neck and stable round base — a shape and design vocabulary typical of 1960s–1970s East German art glass, with Art Deco-inspired lines. High-quality workmanship and a lovely example of Lausitz glassmaking craft. A timeless piece for collectors or lovers of vintage European art glass. Condition: light typical age and use marks; possibly fine contact marks. Photos are part of the description and show measureme",https://zicopeta53.github.io/go.html?id=4493281827,https://i.etsystatic.com/60918070/r/il/c69853/7942651156/il_fullxfull.7942651156_pb37.jpg,55.00 EUR,in stock,used,Stantique25
STQ-4493281421,Large Copper Ladle 40cm – Handcrafted Hammered Vintage Wall Decor Kitchen Antique Utensil,"Substantial handcrafted copper ladle, total length approx. 40 cm. The hammered texture is visible across the entire surface — a hallmark of rustic hand forging. The long flat handle has a hanging hole at the tip for easy wall display. The piece carries a strong, authentic age patina that contributes to its character. An excellent decorative element for a farmhouse or country-style kitchen, or as wall art for lovers of traditional metalwork. Condition: light typical use marks. Photos are part of ",https://zicopeta53.github.io/go.html?id=4493281421,https://i.etsystatic.com/60918070/r/il/205065/7942653994/il_fullxfull.7942653994_qsxo.jpg,25.00 EUR,in stock,used,Stantique25
STQ-4493288266,Signed Print Haus Kemnade – Limited Edition 2/50 E. Baumeister Framed Vintage Art,"Fine graphic print — likely an etching or lithograph — depicting the historic Haus Kemnade, a medieval moated castle. The sheet is numbered lower left (2/150) and hand-signed lower right by the artist E. Baumeister. The detailed line work in warm sepia tones beautifully conveys the historic character of the subject. Professionally framed behind glass with a mat in a simple solid wood frame. An ideal collector's piece for lovers of regional history and classic printmaking. Condition: light typica",https://zicopeta53.github.io/go.html?id=4493288266,https://i.etsystatic.com/60918070/r/il/d64650/7990582883/il_fullxfull.7990582883_l5cg.jpg,25.00 EUR,in stock,used,Stantique25
STQ-4428841142,Cake Server & Sugar Tongs Gold Gilded Serving Set 2pc – Vintage Cutlery Elegant Tableware,"Elegant 2-piece serving set comprising one cake server and one sugar tongs, both in a gold-colored gilt finish. Each piece has a decorative ornamental handle — well-suited to a formal coffee table or dessert service. Condition: light typical use marks possible; please examine the photos carefully for details on the finish. Photos are part of the description and show measurements and details. Please examine them carefully — they reflect the item's condition. Shipping: All orders via DHL insured, ",https://zicopeta53.github.io/go.html?id=4428841142,https://i.etsystatic.com/60918070/r/il/212ed3/7531002874/il_fullxfull.7531002874_jylo.jpg,25.00 EUR,in stock,used,Stantique25
STQ-4428833697,Rustic Bar Set 3-Piece 1960s – Original Box Vintage Barware Retro Entertaining,"Small West German bar set from the 1960s, complete in its original red cardboard ""Bar-Set Rustikal"" box. The set contains three tools with turned wooden handles: a bottle opener, a corkscrew, and a combination bottle/can opener, each with metal heads. Appears unused or very well preserved — tools sit in the original cardboard insert and the box shows only light storage marks. A perfect find for a vintage bar, camper van, or as a gift for retro and mid-century enthusiasts. Photos are part of the ",https://zicopeta53.github.io/go.html?id=4428833697,https://i.etsystatic.com/60918070/r/il/795f02/7578938779/il_fullxfull.7578938779_edys.jpg,25.00 EUR,in stock,used,Stantique25
STQ-4428833119,Cigar Cutter Gold with Wood Inlay – Vintage 1960s Retro Gentleman Accessory Collectible,"Compact vintage cigar cutter in gold-colored metal with a wooden inlay on the handle. A handsome, handy size for cigars and cigarillos — works equally well as a daily-carry accessory or a collector's piece. Maker/brand not clearly identifiable from photos. Condition: light typical use marks possible; please examine the blade and mechanism in the photos before purchasing. Photos are part of the description and show measurements and details. Please examine them carefully — they reflect the item's ",https://zicopeta53.github.io/go.html?id=4428833119,https://i.etsystatic.com/60918070/r/il/5d690d/7530995060/il_fullxfull.7530995060_adxk.jpg,35.00 EUR,in stock,used,Stantique25
STQ-4493099518,Vintage Bauernmalerei Newspaper Stand – Olive Green Red Gold Hand-Painted Folk Art 1950s,"Original hand-painted wooden newspaper stand in classic Bauernmalerei (Bavarian folk art) style. The vibrant palette of deep olive green, warm red, and gold-yellow accents is applied with detailed floral motifs throughout. Curved edges and traditional form make this a charming focal point for rustic or country interiors, or as a nostalgic accent for lovers of Shabby Chic. Condition: pronounced vintage use — paint wear, scratches, and small areas of paint loss are present, which add to the authen",https://zicopeta53.github.io/go.html?id=4493099518,https://i.etsystatic.com/60918070/r/il/5451e5/8148089629/il_fullxfull.8148089629_cvt9.jpg,40.00 EUR,in stock,used,Stantique25
STQ-4371969257,Vintage African Hardwood Figurines Set of 2 – Hand-Carved Tribal Warrior Sculptures Pair Folk Art,"A characterful pair of traditional African tribal figurines, hand-carved from solid, heavy hardwood with a beautiful dark grain. The sculptures depict proud warriors or elders and harmonize perfectly as a set for a sideboard or display case. Genuine African woodcarving craftsmanship with noble ethnic appeal. Condition: attractive used vintage condition with natural wood patina and light typical age marks. Important note: one figure had a section of the staff broken and has been professionally an",https://zicopeta53.github.io/go.html?id=4371969257,https://i.etsystatic.com/60918070/r/il/e51d1b/8162547367/il_fullxfull.8162547367_fyda.jpg,75.00 EUR,in stock,used,Stantique25
STQ-4491795845,Vintage Oil Painting After Botticelli Primavera – Gold Frame Signed Decorative Wall Art,"Small hand-painted oil on canvas, framed in an ornately decorated gold-colored baroque-style wood frame. The motif is a detail from Sandro Botticelli's famous ""La Primavera"" (Springtime), depicting a nymph with flowers at her mouth. The canvas bears a handwritten notation on the back with the artist name Botticelli and the title of the work. Offered as a decorative vintage wall piece in the Old Masters tradition. Condition: light typical age and use marks. Photos are part of the description and ",https://zicopeta53.github.io/go.html?id=4491795845,https://i.etsystatic.com/60918070/r/il/84d968/7933328238/il_fullxfull.7933328238_sywk.jpg,35.00 EUR,in stock,used,Stantique25
STQ-4421968857,Vintage Plastic Garden Gnome – Retro Outdoor Lawn Decor Collectible,"Small vintage garden gnome, approx. 15 cm tall, made of plastic or rubber. Classic look with red hat, white beard, and a garden rake over his shoulder — a charming retro figure for garden or indoor display. Condition: used, with pronounced age and wear marks including paint abrasion, as visible in the photos. Photos are part of the description and show measurements and details. Please examine them carefully — they reflect the item's condition. Shipping: All orders via DHL insured, double-boxed w",https://zicopeta53.github.io/go.html?id=4421968857,https://i.etsystatic.com/60918070/r/il/657ce8/7981272959/il_fullxfull.7981272959_qxe3.jpg,25.00 EUR,in stock,used,Stantique25
STQ-4491470688,Vintage Space Age Wall Clock 1970s – Chrome Orange Mid Century Modern Design Retro,"A true design icon of the 1970s: an original Space Age wall clock with an unmistakable look. The case pairs a high-gloss chrome ring with a vivid orange dial, and the distinctive round cutouts in the chrome surround are a classic hallmark of Mid-Century Modern design. Runs on a quartz movement (AA battery, not included). Tested: runs perfectly. Condition: very clean and well-kept with only minimal age-related marks on the chrome surface. A must-have for retro style lovers or as a statement piece",https://zicopeta53.github.io/go.html?id=4491470688,https://i.etsystatic.com/60918070/r/il/502468/7931041962/il_fullxfull.7931041962_9xr7.jpg,80.00 EUR,in stock,used,Stantique25
STQ-4426573095,Knirps Vintage Parasol Umbrella Black Leatherette Case 98cm – Very Good Condition Retro,"Elegant vintage Knirps umbrella in black with a fine stripe texture, manual frame, and brass/metal ribs. Includes the original black leatherette case with zipper and carrying loop. Collapsed length approx. 60 cm; open diameter approx. 98 cm. Condition: very good — the umbrella fabric has no tears or holes, and the mechanism opens and closes perfectly. Please note: the leatherette case has a small seam tear at one point; this does not affect the zipper, which functions without issue (see detail p",https://zicopeta53.github.io/go.html?id=4426573095,https://i.etsystatic.com/60918070/r/il/2135c2/7519839450/il_fullxfull.7519839450_hj3v.jpg,20.00 EUR,in stock,used,Stantique25
STQ-4426577378,Mini Boy Vintage Ladies Compact Umbrella Cream Brown – Good Condition Retro Fashion,"Compact ""Mini Boy"" vintage ladies' folding umbrella with a cream canopy and a brown feather-like ornamental pattern. Lightweight metal frame with a small loop handle — ideal for a handbag or travel bag. Stated to be in good condition with no tears or holes in the fabric; the mechanism opens and closes perfectly. A charming retro accessory for vintage outfits or as a collector's item. Photos are part of the description and show measurements and details. Please examine them carefully — they reflec",https://zicopeta53.github.io/go.html?id=4426577378,https://i.etsystatic.com/60918070/r/il/71e653/7567764567/il_fullxfull.7567764567_1lae.jpg,20.00 EUR,in stock,used,Stantique25
STQ-4426574082,Baromaster Wall Barometer with Wrought Iron Mount – Vintage Decor Functional Weather Instrument,"Decorative ""Baromaster"" wall barometer in a round brass/gold-tone metal case, set in a wrought iron mounting with gracefully scrolled ornamental details. The scale reads in mbar/mmHg with classic German weather designations — clearly legible. Stated to be functional. Condition: visually very attractive vintage state with light use marks on the metal and lacquer. A versatile wall piece for a hallway, living room, or conservatory — suits rustic, country house, and industrial decor styles equally w",https://zicopeta53.github.io/go.html?id=4426574082,https://i.etsystatic.com/60918070/r/il/36f11a/7519820154/il_fullxfull.7519820154_92pf.jpg,39.00 EUR,in stock,used,Stantique25
STQ-4426572344,Poccino Linea Uno Espresso Machine Portafilter 15 Bar – Rare Collector Piece Vintage Coffee,"Poccino LINEA UNO portafilter espresso machine in black — a compact household model with 15-bar pump pressure and a steam wand for milk frothing. The LINEA UNO was produced until approximately 1990 (per Kaffeewiki), making this a genuine vintage appliance. The seller has regularly maintained the machine with water flushing and tested it: espresso and steam both function perfectly. Condition: very clean overall with only light typical use marks. Perfect for a home kitchen, a café-style office set",https://zicopeta53.github.io/go.html?id=4426572344,https://i.etsystatic.com/60918070/r/il/0768af/8249778740/il_fullxfull.8249778740_7k3x.jpg,500.00 EUR,in stock,used,Stantique25
STQ-4426570678,Vintage Barometer Weather Station – Reddish Leatherette 3-Piece Gothic Look Retro Decor,"Decorative vintage weather station with three instruments — barometer, thermometer, and (likely) hygrometer — in round metal housings, all mounted on a reddish-brown leatherette panel. The overall form and riveted detailing give the piece a slightly gothic flair. Stated: the barometer functions well, and the other gauges appear intact. Condition: clean and well-kept with light typical wear on the leather and metal rims. A distinctive wall piece for a home office, hallway, or hobby room. Photos a",https://zicopeta53.github.io/go.html?id=4426570678,https://i.etsystatic.com/60918070/r/il/0a3cee/7567738729/il_fullxfull.7567738729_k1vv.jpg,60.00 EUR,in stock,used,Stantique25
STQ-4426159497,Brass Decorative Dish with Handle – Pierced Pattern Aged Patina Vintage Antique Decor Bowl,"Small brass decorative dish with a pierced lattice-pattern handle — ideal as a catch-all for jewelry, keys, coins, or small items. Solid brass; the interior shows visible patina and tarnish marks from age and use. Works well on a dresser, sideboard, or shelf in vintage, boho, or classic interiors. Condition: used with typical wear. Photos are part of the description and show measurements and details. Please examine them carefully — they reflect the item's condition. Shipping: All orders via DHL ",https://zicopeta53.github.io/go.html?id=4426159497,https://i.etsystatic.com/60918070/r/il/6149be/7565625849/il_fullxfull.7565625849_gwox.jpg,20.00 EUR,in stock,used,Stantique25
STQ-4441263437,Vintage Vinyl Record Holder Black 32cm – Retro LP Stand Organizer Music Decor,"Original 1970s vinyl record holder, made from high-quality smoked brown-tinted acrylic. A timeless, purist design that lets you display your vinyl collection on a wall or organize it on a shelf — the piece has pre-drilled holes for both standing and hanging use. A must for vinyl enthusiasts and collectors of authentic Space Age design. Condition: very good vintage, with only minimal surface scratches that do not detract from the overall appearance. Photos are part of the description and show mea",https://zicopeta53.github.io/go.html?id=4441263437,https://i.etsystatic.com/60918070/r/il/a3da74/7969523905/il_fullxfull.7969523905_ppn7.jpg,25.00 EUR,in stock,used,Stantique25
STQ-4424391503,Vintage Wall Barometer with Thermometer & Clock – Reddish Wood 50cm Retro Functional Decor,"Wall barometer with integrated thermometer, housed in a triangular house-shaped wood case with a reddish stain and brass-tone instrument dials. Total height approx. 50 cm. Stated to be functional. A lovely rustic wall accent for a country kitchen, hallway, or landing. Condition: used with light typical marks and a gentle patina on the wood. Photos are part of the description and show measurements and details. Please examine them carefully — they reflect the item's condition. Shipping: All orders",https://zicopeta53.github.io/go.html?id=4424391503,https://i.etsystatic.com/60918070/r/il/da50c2/7557314695/il_fullxfull.7557314695_4s54.jpg,50.00 EUR,in stock,used,Stantique25
STQ-4423974472,FYGIO Weather Station Triple – Barometer Hygrometer Thermometer on Leatherette Panel Vintage,"Analog 3-piece ""FYGIO"" weather station with barometer, hygrometer, and thermometer, each in a round metal housing, all mounted on a brown leatherette panel with a hanging loop. The scales are clearly legible; the barometer displays classic weather states (RAIN / CHANGEABLE / FAIR). A cool vintage/retro piece for a home office, workshop, or as a distinctive wall accent. Condition: used with typical marks — please examine the photos. Photos are part of the description and show measurements and det",https://zicopeta53.github.io/go.html?id=4423974472,https://i.etsystatic.com/60918070/r/il/989912/7554266279/il_fullxfull.7554266279_8mee.jpg,60.00 EUR,in stock,used,Stantique25
STQ-4423224336,Framed Old Town Motif Print – Vintage Wood Frame 40x30cm Wall Art Retro Decor,"Decorative framed picture with a half-timbered old town motif in warm colors — appears to be a mixed technique of drawing and hand-coloring, depicting a clock tower, timber-framed houses, and trees. Set in a brown wood frame with a narrow gold inner edge; total size approx. 40 × 30 cm including frame. A charming retro or country-house accent for a hallway, living room, or staircase. Condition: frame, mat, and glass in good condition with light typical use marks; no major damage. Photos are part ",https://zicopeta53.github.io/go.html?id=4423224336,https://i.etsystatic.com/60918070/r/il/417a76/7550399539/il_fullxfull.7550399539_mf7u.jpg,25.00 EUR,in stock,used,Stantique25
STQ-4423198154,Modern Decorative Tealight Holder – Mesh Fabric Wood Base 8x12cm Home Decor,"Unusual small decorative object featuring a sculptural mesh fabric in a bronze tone, set on a round wooden base. Approx. 8 cm tall and 12 cm wide. Perfect for a tealight or LED candle — the fine mesh casts a beautiful shadow pattern when lit. The blend of warm wood and metallic mesh suits modern, Scandinavian, or minimalist interiors and looks lovely on a sideboard, windowsill, or coffee table. Condition: good used state with light typical marks on the mesh and wood; no major damage. Photos are ",https://zicopeta53.github.io/go.html?id=4423198154,https://i.etsystatic.com/60918070/r/il/98dd0d/7502332410/il_fullxfull.7502332410_8szg.jpg,25.00 EUR,in stock,used,Stantique25
STQ-4421963883,Vintage Barometer with Thermometer – Wood Case Functional Good Condition Retro Decor,"Decorative wall barometer with thermometer — round metal instruments set in a square wood housing. The barometer scale reads ""Rain – Changeable – Fair""; the thermometer shows temperature in Celsius. Stated to be functional. Condition: good and well-kept vintage state with light typical use marks on the wood and metal. A versatile classic piece for a living room, hallway, or home office. Photos are part of the description and show measurements and details. Please examine them carefully — they ref",https://zicopeta53.github.io/go.html?id=4421963883,https://i.etsystatic.com/60918070/r/il/828729/7495921574/il_fullxfull.7495921574_60tt.jpg,45.00 EUR,in stock,used,Stantique25
STQ-4421660164,Large World Map Tile Tray 75x48cm – Wood Frame with Feet 1960s 70s Vintage Serving Decor,"Solid vintage tray/occasional table with inset ceramic tiles featuring a decorative antique world map with two globe illustrations — a real eye-catcher from the 1960s/70s. The wood frame is approx. 75 × 48 cm with side grip cutouts for easy carrying. Four small round wooden feet on the underside allow it to stand stably as a bar tray or low side table. The ceramic tile surface is heavy and robust, ideal for bottles, glasses, or carafes on a buffet, bar, or sideboard. Condition: good used state w",https://zicopeta53.github.io/go.html?id=4421660164,https://i.etsystatic.com/60918070/r/il/6b88df/7542393601/il_fullxfull.7542393601_iz92.jpg,99.00 EUR,in stock,used,Stantique25
STQ-4421652908,Mod Elba Side Table Kidney Shape – Folding Plastic Top Metal Legs 1950s 60s Italy Space Age,"Rare Mod Elba kidney-shaped side table from Italy — white folding plastic top on a black body with chrome metal legs. Dimensions approx. 38 × 28 cm, height approx. 42 cm. The folding top adds versatile practicality as a side table beside a sofa, armchair, or bed, or folds away for storage. A clear and functional design typical of the Space Age / 1970s Italian aesthetic. Condition: used but sturdy — scratches and some matt spots on the top surface, and occasional scratches on the legs. A rare dec",https://zicopeta53.github.io/go.html?id=4421652908,https://i.etsystatic.com/60918070/r/il/0d11cb/7542353853/il_fullxfull.7542353853_k8gj.jpg,125.00 EUR,in stock,used,Stantique25
STQ-4421649612,Wood and Sons England Plates Set of 3 – 30cm 25cm Porcelain Colorful Floral Pattern Vintage,"Set of three English Wood & Sons plates with a colorful floral pattern on white ground and a pink border line. Includes one large plate (approx. 30 cm diameter) and two medium plates (approx. 25 cm each). Perfect for a cake table, serving, or as decorative display pieces for lovers of English country china. Condition: overall very good — light typical use marks and possibly fine cutlery marks; the decoration appears fresh and vibrant. Photos are part of the description and show measurements and ",https://zicopeta53.github.io/go.html?id=4421649612,https://i.etsystatic.com/60918070/r/il/2096f3/7542343709/il_fullxfull.7542343709_p72k.jpg,55.00 EUR,in stock,used,Stantique25
STQ-4421106599,Antique Coffee Grinder FK Forged Silent Burr – Vintage Wood Box Grinder Kitchen Collectible,"Beautiful antique hand coffee grinder in light wood, with a robust metal hopper and classic crank handle with a black knob. A notable quality feature is the ""FK"" burr mechanism, labeled on an original sticker as ""forged and silent."" Includes the classic small pull-out drawer for ground coffee. Condition: authentic vintage patina on both wood and metal, which adds to the historic charm. Not tested with coffee beans; however, the crank turns smoothly. A wonderful collector's piece or decorative ce",https://zicopeta53.github.io/go.html?id=4421106599,https://i.etsystatic.com/60918070/r/il/4836d7/7931051082/il_fullxfull.7931051082_tu4n.jpg,25.00 EUR,in stock,used,Stantique25
STQ-4419701829,Coca Cola Hard Shell Lunchbox Plastic – Red Advertising Item 25x25cm Vintage Collectible,"Red Coca-Cola hard shell plastic carry box with a distinctive triangular form and integrated carrying handle. Features the classic Coca-Cola advertising design on the side. Dimensions approx. 25 × 25 cm — sized to hold smaller bottles, cans, or snacks. A fun piece for Coca-Cola collectors, retro decor, or as a practical box for picnics and outings. Condition: used with light typical marks; the printed design is well preserved. Photos are part of the description and show measurements and details.",https://zicopeta53.github.io/go.html?id=4419701829,https://i.etsystatic.com/60918070/r/il/c03735/7483920668/il_fullxfull.7483920668_s5g7.jpg,45.00 EUR,in stock,used,Stantique25
STQ-4418591257,Woven Tray with Glass & Crochet Doily 30cm – Vintage Retro Serving Tray Boho,"Oval vintage serving tray with a dark brown wicker/rattan frame and an inset glass top, backed by a fine cream-colored crochet doily as a charming decorative accent. Total length approx. 30 cm. Ideal for serving coffee or tea, or as a display tray on a dresser or dining table. The combination of wicker, glass, and handcraft suits country, boho, and vintage interiors perfectly. Condition: nicely preserved with light typical marks on the wicker and glass (minor scratches possible); the crochet doi",https://zicopeta53.github.io/go.html?id=4418591257,https://i.etsystatic.com/60918070/r/il/b2fee1/7477723090/il_fullxfull.7477723090_huf4.jpg,20.00 EUR,in stock,used,Stantique25
STQ-4418579068,Vintage Donatus Solingen Cigar Cutter – 1960s Germany Gentleman Accessory Collectible,"Elegant cigar cutter by Donatus Solingen in nickel-plated or stainless metal with a finely ridged and engraved surface in classic 1960s German design. Classic guillotine mechanism with a side blade insert and round cutting hole — suited for slimmer cigars. Donatus is one of the well-known German makers of quality cigar cutters from this era. Solid and weighty in hand; a fine accessory for the home bar or cigar collection. Condition: used, good — light age-related marks and some patina; the cutti",https://zicopeta53.github.io/go.html?id=4418579068,https://i.etsystatic.com/60918070/r/il/aa3832/7477655604/il_fullxfull.7477655604_tdfz.jpg,35.00 EUR,in stock,used,Stantique25
STQ-4416984323,GKB Hand Painted Delfts Holland Lidded Box Windmill Motif – Blue White Dutch Collectible,"Small Delft-style lidded box by GKB, hand-painted in classic blue and white with a Dutch windmill motif and floral border. The fitted lid has a knob and seals well — ideal for sugar, spices, small trinkets, or as a decorative display piece on a shelf. The base carries the blue maker's mark ""G.K.B Hand Painted Delfts Holland,"" typical of 20th-century Delft ceramics. Condition: used with light typical marks and fine crazing in the glaze — very decorative overall. Photos are part of the description",https://zicopeta53.github.io/go.html?id=4416984323,https://i.etsystatic.com/60918070/r/il/74a011/7516478105/il_fullxfull.7516478105_2ync.jpg,20.00 EUR,in stock,used,Stantique25
STQ-4474133665,Vintage Candle Holders Set of 2 – Copper Look Gold Ball Green Patina Mid Century Decor,"Elegant pair of taper candle holders in an exceptional vintage design. Slender, tall form with a striking dark copper-look surface and decorative green patina, accented by a polished gold-tone ball incorporated at mid-height that adds a touch of luxury. Wide, stable bases hold the pair securely on a formal table or sideboard. The understated yet refined style suits both modern and classically antique interiors. Condition: light typical use marks. Photos are part of the description and show measu",https://zicopeta53.github.io/go.html?id=4474133665,https://i.etsystatic.com/60918070/r/il/b7d737/7921616643/il_fullxfull.7921616643_gwua.jpg,55.00 EUR,in stock,used,Stantique25
STQ-4482383945,Vintage Wood Nutcracker Hand-Carved – Pliers Type Folk Art Unique Piece Rustic Decor,"Extraordinary handcrafted nutcracker in a pliers/tong form, made from solid wood. The handles are adorned with skilled chip-carved decorations: floral sun motifs and fine geometric patterns throughout. Ergonomic form and robust mechanism make it as functional as it is decorative. The individual handwork makes this a genuine one-of-a-kind piece for lovers of traditional folk craft and vintage objects — heavy and substantial in hand. Condition: light typical use marks. Photos are part of the descr",https://zicopeta53.github.io/go.html?id=4482383945,https://i.etsystatic.com/60918070/r/il/fb3b1d/8137867288/il_fullxfull.8137867288_sbw4.jpg,20.00 EUR,in stock,used,Stantique25
STQ-4438560785,Tirschenreuth Mocha Cups Set for 6 – Turtle Pattern Gold Rim Germany Collectible Porcelain,"Exquisite mocha service for 6 persons by Tirschenreuth, featuring a rare and finely detailed turtle motif applied to each cup. A delicate gold rim on the cups and saucers underscores the elegant look of the white quality porcelain. A genuine highlight for any collection or as an unusual and refined gift. Condition: very good with light typical use marks and possibly fine cutlery marks. Photos are part of the description and show measurements and details. Please examine them carefully — they refl",https://zicopeta53.github.io/go.html?id=4438560785,https://i.etsystatic.com/60918070/r/il/eebd89/7873541060/il_fullxfull.7873541060_8r20.jpg,70.00 EUR,in stock,used,Stantique25
STQ-4482388052,Antique Mantel Clock Wood – Art Deco Style Quartz Movement Functional Vintage Home Decor,Classic vintage mantel/buffet clock in wood with a wind-up mechanical movement. The beautiful curved wood case and brass-tone dial appliqués give it an authentic Art Deco-inspired charm. Please note the following before purchasing: the front protective glass is completely missing; no winding key is included. Function: partially tested — the movement starts and runs. Sold explicitly as a decorative piece or restoration project. Condition: age-related use marks throughout. Photos are part of the d,https://zicopeta53.github.io/go.html?id=4482388052,https://i.etsystatic.com/60918070/r/il/80fb4d/8050055988/il_fullxfull.8050055988_8632.jpg,75.00 EUR,in stock,used,Stantique25
